-- Product Table made with dbschema
INSERT INTO group_7.products( id, product_name, product_price, product_category, product_description ) VALUES ( 'm5317269', 'Adsapommanor', 159, 'Reptile', 'heart medication');
INSERT INTO group_7.products( id, product_name, product_price, product_category, product_description ) VALUES ( 'm2336005', 'Rapdimplanor', 185, 'Dog', 'heart medication');
INSERT INTO group_7.products( id, product_name, product_price, product_category, product_description ) VALUES ( 'm3096895', 'Aderupavil', 124, 'Dog', 'antibiotic');
INSERT INTO group_7.products( id, product_name, product_price, product_category, product_description ) VALUES ( 'm4795236', 'Lomsapplavil', 197, 'Reptile', 'heart medication');
INSERT INTO group_7.products( id, product_name, product_price, product_category, product_description ) VALUES ( 'm3266758', 'Cipsapplanor', 178, 'Bird', 'heart medication');
INSERT INTO group_7.products( id, product_name, product_price, product_category, product_description ) VALUES ( 'm5032142', 'Klizapicalax', 198, 'Cat', 'heart medication');
INSERT INTO group_7.products( id, product_name, product_price, product_category, product_description ) VALUES ( 'm6047660', 'Dopdudanor', 84, 'Bird', 'heart medication');
INSERT INTO group_7.products( id, product_name, product_price, product_category, product_description ) VALUES ( 'm3412836', 'Upsipackalax', 61, 'Bird', 'antibiotic');
INSERT INTO group_7.products( id, product_name, product_price, product_category, product_description ) VALUES ( 'm1465537', 'Monhuponalax', 161, 'Bird', 'flea and tick medication');
INSERT INTO group_7.products( id, product_name, product_price, product_category, product_description ) VALUES ( 'm1043663', 'Groquestanor', 192, 'Reptile', 'flea medication');
INSERT INTO group_7.products( id, product_name, product_price, product_category, product_description ) VALUES ( 'm7227887', 'Bardudollanor', 54, 'Cat', 'heart medication');
INSERT INTO group_7.products( id, product_name, product_price, product_category, product_description ) VALUES ( 'm3387519', 'Dopzapplalax', 153, 'Bird', 'heart medication');
INSERT INTO group_7.products( id, product_name, product_price, product_category, product_description ) VALUES ( 'm2423522', 'Varkilaquanor', 177, 'Reptile', 'flea medication');
INSERT INTO group_7.products( id, product_name, product_price, product_category, product_description ) VALUES ( 'm7745135', 'Frokilplalax', 58, 'Bird', 'heart medication');
INSERT INTO group_7.products( id, product_name, product_price, product_category, product_description ) VALUES ( 'm1723362', 'Emericalax', 111, 'Reptile', 'heart medication');
INSERT INTO group_7.products( id, product_name, product_price, product_category, product_description ) VALUES ( 'm8800660', 'Surfropilalax', 102, 'Cat', 'antibiotic');
INSERT INTO group_7.products( id, product_name, product_price, product_category, product_description ) VALUES ( 'm8639347', 'Adsapaquavil', 199, 'Reptile', 'flea and tick medication');
INSERT INTO group_7.products( id, product_name, product_price, product_category, product_description ) VALUES ( 'm4826505', 'Zeerobicavil', 134, 'Dog', 'heart medication');
INSERT INTO group_7.products( id, product_name, product_price, product_category, product_description ) VALUES ( 'm7702065', 'Hapkilicanor', 121, 'Dog', 'heart medication');
INSERT INTO group_7.products( id, product_name, product_price, product_category, product_description ) VALUES ( 'm3244116', 'Haphupupalax', 57, 'Dog', 'antibiotic');
INSERT INTO group_7.products( id, product_name, product_price, product_category, product_description ) VALUES ( 'm6877298', 'Rapjubupavil', 137, 'Dog', 'heart medication');
INSERT INTO group_7.products( id, product_name, product_price, product_category, product_description ) VALUES ( 'm0052363', 'Uncadepavil', 177, 'Reptile', 'heart medication');
INSERT INTO group_7.products( id, product_name, product_price, product_category, product_description ) VALUES ( 'm7698388', 'Barkilefalax', 84, 'Dog', 'heart medication');
INSERT INTO group_7.products( id, product_name, product_price, product_category, product_description ) VALUES ( 'm5412208', 'Varrobanor', 72, 'Reptile', 'heart medication');
INSERT INTO group_7.products( id, product_name, product_price, product_category, product_description ) VALUES ( 'm5834759', 'Klibanavil', 194, 'Bird', 'heart medication');
INSERT INTO group_7.products( id, product_name, product_price, product_category, product_description ) VALUES ( 'f5317269', 'Blue Hen Premium', 159, 'Cat', 'Kibble');
INSERT INTO group_7.products( id, product_name, product_price, product_category, product_description ) VALUES ( 'f2336005', 'Blue Buffalo', 85, 'Cat', 'Kibble');
INSERT INTO group_7.products( id, product_name, product_price, product_category, product_description ) VALUES ( 'f3096895', 'Blue Hen', 124, 'Cat', 'Kibble');
INSERT INTO group_7.products( id, product_name, product_price, product_category, product_description ) VALUES ( 'f4795236', 'Insect Mix', 27, 'Reptile', 'Wet food');
INSERT INTO group_7.products( id, product_name, product_price, product_category, product_description ) VALUES ( 'f3266758', 'Blue Hen', 178, 'Cat', 'Wet food');
INSERT INTO group_7.products( id, product_name, product_price, product_category, product_description ) VALUES ( 'f5032142', 'Blue Hen', 38, 'Dog', 'Wet food');
INSERT INTO group_7.products( id, product_name, product_price, product_category, product_description ) VALUES ( 'f6047660', 'Red Buffalo', 84, 'Dog', 'Kibble');
INSERT INTO group_7.products( id, product_name, product_price, product_category, product_description ) VALUES ( 'f3412836', 'Blue Buffalo', 58, 'Cat', 'Kibble');
INSERT INTO group_7.products( id, product_name, product_price, product_category, product_description ) VALUES ( 'f1465537', 'Blue Hen', 61, 'Cat', 'Kibble');
INSERT INTO group_7.products( id, product_name, product_price, product_category, product_description ) VALUES ( 'f1043663', 'Blue Hen Premium', 92, 'Dog', 'Kibble');
INSERT INTO group_7.products( id, product_name, product_price, product_category, product_description ) VALUES ( 'g5317269', 'Lee''s Clarifying Shampoo', 59, 'Dog', 'Pet Grooming');
INSERT INTO group_7.products( id, product_name, product_price, product_category, product_description ) VALUES ( 'g2336005', 'Lee''s Clarifying Shampoo', 85, 'Dog', 'Pet Grooming');
INSERT INTO group_7.products( id, product_name, product_price, product_category, product_description ) VALUES ( 'g3096895', 'Essence Clarifying Shampoo', 24, 'Dog', 'Pet Grooming');
INSERT INTO group_7.products( id, product_name, product_price, product_category, product_description ) VALUES ( 'g4795236', 'Janna''s Detangling Shampoo', 97, 'Dog', 'Pet Grooming');
INSERT INTO group_7.products( id, product_name, product_price, product_category, product_description ) VALUES ( 'g3266758', 'Lee''s Detox Shampoo', 78, 'Dog', 'Pet Grooming');
INSERT INTO group_7.products( id, product_name, product_price, product_category, product_description ) VALUES ( 'g5032142', 'Lee''s Clarifying Shampoo', 98, 'Cat', 'Pet Grooming');
INSERT INTO group_7.products( id, product_name, product_price, product_category, product_description ) VALUES ( 'g6047660', 'Lee''s Clarifying Shampoo', 84, 'Cat', 'Pet Grooming');
INSERT INTO group_7.products( id, product_name, product_price, product_category, product_description ) VALUES ( 'g3412836', 'Janna''s Clarifying Shampoo', 61, 'Cat', 'Pet Grooming');
INSERT INTO group_7.products( id, product_name, product_price, product_category, product_description ) VALUES ( 'g1465537', 'Burt''s Detox Shampoo', 61, 'Dog', 'Pet Grooming');
INSERT INTO group_7.products( id, product_name, product_price, product_category, product_description ) VALUES ( 'g1043663', 'Revival Clarifying Shampoo', 92, 'Cat', 'Pet Grooming');
INSERT INTO group_7.products( id, product_name, product_price, product_category, product_description ) VALUES ( 't5317269', 'Baricator', 29, 'Dog', 'Ball');
INSERT INTO group_7.products( id, product_name, product_price, product_category, product_description ) VALUES ( 't2336005', 'Kliin', 36, 'Cat', 'Scratch Pad');
INSERT INTO group_7.products( id, product_name, product_price, product_category, product_description ) VALUES ( 't3096895', 'Adan', 29, 'Cat', 'Scratch Pad');
INSERT INTO group_7.products( id, product_name, product_price, product_category, product_description ) VALUES ( 't4795236', 'Dopex', 29, 'Dog', 'Bone');
INSERT INTO group_7.products( id, product_name, product_price, product_category, product_description ) VALUES ( 't3266758', 'Emistor', 44, 'Dog', 'Ball');

-- Practice manual entry
INSERT INTO group_7.practice 
VALUES ('Connect Veterinary Practice', 0445305532, 'Geldenaaksebaan 335, 3001 Leuven', 'Mon-Fri 9:00-12:00 & 13:00-18:00');

-- Rooms made with dbschema
INSERT INTO group_7.room( id, practice_name ) VALUES ( '012', 'Connect Veterinary Practice');
INSERT INTO group_7.room( id, practice_name ) VALUES ( '011', 'Connect Veterinary Practice');
INSERT INTO group_7.room( id, practice_name ) VALUES ( '002', 'Connect Veterinary Practice');
INSERT INTO group_7.room( id, practice_name ) VALUES ( '014', 'Connect Veterinary Practice');
INSERT INTO group_7.room( id, practice_name ) VALUES ( '013', 'Connect Veterinary Practice');
INSERT INTO group_7.room( id, practice_name ) VALUES ( '004', 'Connect Veterinary Practice');
INSERT INTO group_7.room( id, practice_name ) VALUES ( '005', 'Connect Veterinary Practice');
INSERT INTO group_7.room( id, practice_name ) VALUES ( '001', 'Connect Veterinary Practice');
INSERT INTO group_7.room( id, practice_name ) VALUES ( '003', 'Connect Veterinary Practice');
INSERT INTO group_7.room( id, practice_name ) VALUES ( '015', 'Connect Veterinary Practice');

-- Time Slot made with ai
INSERT INTO group_7.time_slot (id, "end", on_call) VALUES
('2025-01-06 09:00', '10:00', FALSE),
('2025-01-06 10:00', '11:00', FALSE),
('2025-01-06 14:00', '15:00', FALSE),
('2025-01-07 09:00', '10:00', FALSE),
('2025-01-07 16:00', '17:00', FALSE),
('2025-01-08 15:00', '16:00', FALSE),
('2025-01-09 13:00', '14:00', FALSE),
('2025-01-10 11:00', '12:00', FALSE),
('2025-01-11 09:00', '10:00', TRUE),
('2025-01-12 14:00', '15:00', TRUE),
('2025-01-13 09:00', '10:00', FALSE),
('2025-01-13 10:00', '11:00', FALSE),
('2025-01-14 18:00', '19:00', TRUE),
('2025-01-14 17:00', '18:00', FALSE),
('2025-01-15 09:00', '10:00', FALSE),
('2025-01-15 14:00', '15:00', FALSE),
('2025-01-16 08:00', '09:00', TRUE),
('2025-01-16 09:00', '10:00', FALSE),
('2025-01-17 10:00', '11:00', FALSE),
('2025-01-18 16:00', '17:00', TRUE),
('2025-02-03 09:00', '10:00', FALSE),
('2025-02-03 14:00', '15:00', FALSE),
('2025-02-04 10:00', '11:00', FALSE),
('2025-02-04 15:00', '16:00', FALSE),
('2025-02-05 09:00', '10:00', FALSE),
('2025-02-05 13:00', '14:00', FALSE),
('2025-02-06 11:00', '12:00', FALSE),
('2025-02-06 16:00', '17:00', FALSE),
('2025-02-07 19:00', '20:00', TRUE),
('2025-02-08 13:00', '14:00', TRUE),
('2025-02-10 09:00', '10:00', FALSE),
('2025-02-10 10:00', '11:00', FALSE),
('2025-02-11 14:00', '15:00', FALSE),
('2025-02-11 17:00', '18:00', FALSE),
('2025-02-12 09:00', '10:00', FALSE),
('2025-02-12 15:00', '16:00', FALSE),
('2025-02-13 08:00', '09:00', TRUE),
('2025-02-13 13:00', '14:00', FALSE),
('2025-02-14 11:00', '12:00', FALSE),
('2025-02-15 20:00', '21:00', TRUE),
('2025-03-03 09:00', '10:00', FALSE),
('2025-03-03 14:00', '15:00', FALSE),
('2025-03-04 10:00', '11:00', FALSE),
('2025-03-04 16:00', '17:00', FALSE),
('2025-03-05 09:00', '10:00', FALSE),
('2025-03-05 13:00', '14:00', FALSE),
('2025-03-06 11:00', '12:00', FALSE),
('2025-03-06 15:00', '16:00', FALSE),
('2025-03-07 09:00', '10:00', FALSE),
('2025-03-08 12:00', '13:00', TRUE);

insert into group_7.client (id, address, phone_number) values ('00000001', 'Vlierbeekstraat 12, 3012 Kessel-Lo', '3041587150');
insert into group_7.client (id, address, phone_number) values ('00000002', 'Parkheidestraat 48, 3200 Aarschot', '8003646295');
insert into group_7.client (id, address, phone_number) values ('00000003', 'Mezenlaan 5, 3500 Hasselt', '6296700327');
insert into group_7.client (id, address, phone_number) values ('00000004', 'Zilverberkweg 91, 3020 Herent', '9291766291');
insert into group_7.client (id, address, phone_number) values ('00000005', 'Oude Molenstraat 67, 3300 Tienen', '2884444738');
insert into group_7.client (id, address, phone_number) values ('00000006', 'Elzenhof 23, 3010 Leuven', '6171570860');
insert into group_7.client (id, address, phone_number) values ('00000007', 'Eendenlaan 104, 3550 Heusden-Zolder', '3672449033');
insert into group_7.client (id, address, phone_number) values ('00000008', 'Sint-Jansveld 8, 3910 Neerpelt', '9181742857');
insert into group_7.client (id, address, phone_number) values ('00000009', 'Steenweg op Rillaar 142, 3271 Averbode', '4926747620');
insert into group_7.client (id, address, phone_number) values ('00000010', 'Bosstraat 59, 3800 Sint-Truiden', '3072800491');
insert into group_7.client (id, address, phone_number) values ('00000011', 'Dennenweg 7, 3940 Hechtel', '7643850450');
insert into group_7.client (id, address, phone_number) values ('00000012', 'Eikenlaan 26, 3150 Haacht', '9533958725');
insert into group_7.client (id, address, phone_number) values ('00000013', 'Lorkenpad 3, 3220 Holsbeek', '6648675086');
insert into group_7.client (id, address, phone_number) values ('00000014', 'Grote Baan 288, 3530 Houthalen', '5576846830');
insert into group_7.client (id, address, phone_number) values ('00000015', 'Klaverstraat 14, 3001 Heverlee', '6483098730');
insert into group_7.client (id, address, phone_number) values ('00000016', 'Molenberg 52, 3360 Bierbeek', '9488838954');
insert into group_7.client (id, address, phone_number) values ('00000017', 'Steenpoelstraat 11, 3080 Tervuren', '7431922584');
insert into group_7.client (id, address, phone_number) values ('00000018', 'Kouterweg 37, 3140 Keerbergen', '1117250842');
insert into group_7.client (id, address, phone_number) values ('00000019', 'Tervuursesteenweg 189, 3000 Leuven', '1832051293');
insert into group_7.client (id, address, phone_number) values ('00000020', 'Mechelsestraat 63, 3000 Leuven', '6663157711');
insert into group_7.client (id, address, phone_number) values ('00000021', 'Heiplaslaan 22, 3290 Diest', '5857309989');
insert into group_7.client (id, address, phone_number) values ('00000022', 'Kerkhofweg 55, 3020 Veltem', '2846080688');
insert into group_7.client (id, address, phone_number) values ('00000023', 'Zandstraat 9, 3520 Zonhoven', '3964564616');
insert into group_7.client (id, address, phone_number) values ('00000024', 'Vijverstraat 41, 3920 Lommel', '4402683350');
insert into group_7.client (id, address, phone_number) values ('00000025', 'Leeuwerikweg 88, 2460 Kasterlee', '6568748350');
insert into group_7.client (id, address, phone_number) values ('00000026', 'Boomgaardstraat 17, 3110 Rotselaar', '4205589186');
insert into group_7.client (id, address, phone_number) values ('00000027', 'Halensebaan 132, 3390 Tielt-Winge', '8755537370');
insert into group_7.client (id, address, phone_number) values ('00000028', 'Wingepark 2, 3118 Werchter', '7332807924');
insert into group_7.client (id, address, phone_number) values ('00000029', 'Schoolstraat 28, 3050 Oud-Heverlee', '7048341370');
insert into group_7.client (id, address, phone_number) values ('00000030', 'Kastanjedreef 12, 3980 Tessenderlo', '1536828583');
insert into group_7.client (id, address, phone_number) values ('00000031', 'Biezenstraat 73, 3590 Diepenbeek', '5445206109');
insert into group_7.client (id, address, phone_number) values ('00000032', 'Kerkstraat 7, 3221 Nieuwrode', '5059757889');
insert into group_7.client (id, address, phone_number) values ('00000033', 'Grote Heide 15, 3910 Pelt', '5844138027');
insert into group_7.client (id, address, phone_number) values ('00000034', 'Dokter Jacobsstraat 45, 3290 Schaffen', '7796184858');
insert into group_7.client (id, address, phone_number) values ('00000035', 'Watermolenstraat 90, 3300 Vissenaken', '6306931688');
insert into group_7.client (id, address, phone_number) values ('00000036', 'Keiberg 64, 3012 Wilsele', '9551923032');
insert into group_7.client (id, address, phone_number) values ('00000037', 'Platanenlaan 18, 3530 Houthalen', '5761438925');
insert into group_7.client (id, address, phone_number) values ('00000038', 'Dorpsplein 4, 3150 Wespelaar', '9758911242');
insert into group_7.client (id, address, phone_number) values ('00000039', 'Kouterveldlaan 57, 3020 Herent', '1484063703');
insert into group_7.client (id, address, phone_number) values ('00000040', 'Wijngaardstraat 80, 3000 Leuven', '3747313452');
insert into group_7.client (id, address, phone_number) values ('00000041', 'Berkenlei 33, 3550 Zolder', '8976192239');
insert into group_7.client (id, address, phone_number) values ('00000042', 'Langestraat 141, 3201 Langdorp', '3886402091');
insert into group_7.client (id, address, phone_number) values ('00000043', 'Oude Baan 28, 2460 Lichtaart', '7137830688');
insert into group_7.client (id, address, phone_number) values ('00000044', 'Kerdreef 10, 3220 Kortrijk-Dutsel', '6719460697');
insert into group_7.client (id, address, phone_number) values ('00000045', 'Beukenlaan 62, 3800 Zepperen', '3993643336');
insert into group_7.client (id, address, phone_number) values ('00000046', 'Voortstraat 110, 3920 Wezel', '9798565814');
insert into group_7.client (id, address, phone_number) values ('00000047', 'Nieuwstraat 21, 3300 Oorbeek', '9875899071');
insert into group_7.client (id, address, phone_number) values ('00000048', 'Heideweg 5, 3190 Boortmeerbeek', '5338625561');
insert into group_7.client (id, address, phone_number) values ('00000049', 'Lindenstraat 50, 3210 Lubbeek', '3225001988');
insert into group_7.client (id, address, phone_number) values ('00000050', 'Kloosterweg 2, 3150 Haacht', '5226763957');
insert into group_7.client (id, address, phone_number) values ('00000051', 'Meersstraat 34, 3530 Helchteren', '3947929394');
insert into group_7.client (id, address, phone_number) values ('00000052', 'Spoorwegstraat 88, 3200 Gelrode', '1191066159');
insert into group_7.client (id, address, phone_number) values ('00000053', 'Donkstraat 12, 3020 Winksele', '9655516527');
insert into group_7.client (id, address, phone_number) values ('00000054', 'Tijgerstraat 19, 3500 Kuringen', '1063566756');
insert into group_7.client (id, address, phone_number) values ('00000055', 'Boskant 74, 3980 Schoot', '4585679041');
insert into group_7.client (id, address, phone_number) values ('00000056', 'Dorpsstraat 6, 3910 Sint-Huibrechts-Lille', '5478839730');
insert into group_7.client (id, address, phone_number) values ('00000057', 'Schansweg 52, 3980 Tessenderlo', '9442036317');
insert into group_7.client (id, address, phone_number) values ('00000058', 'Kloostermolenweg 101, 3300 Bost', '8355242633');
insert into group_7.client (id, address, phone_number) values ('00000059', 'Blauwe Steenweg 8, 3001 Heverlee', '3877087608');
insert into group_7.client (id, address, phone_number) values ('00000060', 'Woudstraat 27, 3590 Runkst', '5554196689');
insert into group_7.client (id, address, phone_number) values ('00000061', 'Lijsterstraat 9, 3000 Leuven', '6142618362');
insert into group_7.client (id, address, phone_number) values ('00000062', 'Bemortel 43, 3910 Pelt', '4099719605');
insert into group_7.client (id, address, phone_number) values ('00000063', 'Boomkensstraat 16, 3270 Scherpenheuvel', '6312839705');
insert into group_7.client (id, address, phone_number) values ('00000064', 'Hofstraat 58, 3220 Holsbeek', '8132848839');
insert into group_7.client (id, address, phone_number) values ('00000065', 'Vennestraat 7, 3500 Hasselt', '6223362459');
insert into group_7.client (id, address, phone_number) values ('00000066', 'Zavelstraat 25, 3010 Kessel-Lo', '2233398277');
insert into group_7.client (id, address, phone_number) values ('00000067', 'Tichelrijlaan 121, 3200 Aarschot', '8326832742');
insert into group_7.client (id, address, phone_number) values ('00000068', 'Lindebosstraat 4, 3390 Sint-Joris-Winge', '5755148496');
insert into group_7.client (id, address, phone_number) values ('00000069', 'Olmenlaan 38, 3550 Heusden', '9239762044');
insert into group_7.client (id, address, phone_number) values ('00000070', 'Vinkenstraat 11, 2460 Gierle', '8918635978');
insert into group_7.client (id, address, phone_number) values ('00000071', 'Sportlaan 30, 3020 Herent', '9296039962');
insert into group_7.client (id, address, phone_number) values ('00000072', 'Speelhoflaan 20, 3800 Sint-Truiden', '8486811733');
insert into group_7.client (id, address, phone_number) values ('00000073', 'Grote Heideweg 14, 3910 Pelt', '3375007191');
insert into group_7.client (id, address, phone_number) values ('00000074', 'Stadsbaan 107, 3290 Diest', '2964072209');
insert into group_7.client (id, address, phone_number) values ('00000075', 'Marktstraat 5, 3000 Leuven', '4592910344');
insert into group_7.client (id, address, phone_number) values ('00000076', 'Oudestraat 92, 3220 Wersbeek', '1834188516');
insert into group_7.client (id, address, phone_number) values ('00000077', 'Vierkensstraat 33, 3530 Houthalen', '9959032614');
insert into group_7.client (id, address, phone_number) values ('00000078', 'Kapelstraat 48, 3200 Aarschot', '4682019504');
insert into group_7.client (id, address, phone_number) values ('00000079', 'Heldenlaan 13, 3500 Hasselt', '7568928149');
insert into group_7.client (id, address, phone_number) values ('00000080', 'Polderstraat 29, 3140 Keerbergen', '4559927991');
insert into group_7.client (id, address, phone_number) values ('00000081', 'Heuvelstraat 61, 3980 Tessenderlo', '3003834473');
insert into group_7.client (id, address, phone_number) values ('00000082', 'Bloemenlaan 18, 3051 Sint-Joris-Weert', '9802361952');
insert into group_7.client (id, address, phone_number) values ('00000083', 'Schuttershof 42, 3001 Heverlee', '4273199600');
insert into group_7.client (id, address, phone_number) values ('00000084', 'Groenstraat 87, 3300 Hakendover', '7067740517');
insert into group_7.client (id, address, phone_number) values ('00000085', 'Bunderstraat 7, 3920 Lommel', '1646318602');
insert into group_7.client (id, address, phone_number) values ('00000086', 'Vijverweg 26, 3590 Diepenbeek', '8132423012');
insert into group_7.client (id, address, phone_number) values ('00000087', 'Kerkstraat 3, 3150 Tremelo', '3461707503');
insert into group_7.client (id, address, phone_number) values ('00000088', 'Waterstraat 54, 3220 Holsbeek', '8716970188');
insert into group_7.client (id, address, phone_number) values ('00000089', 'Heesterlaan 15, 3012 Wilsele', '3545723784');
insert into group_7.client (id, address, phone_number) values ('00000090', 'Wolvendreef 122, 3500 Hasselt', '4226323726');
insert into group_7.client (id, address, phone_number) values ('00000091', 'Wipstraat 9, 3290 Webbekom', '2207057247');
insert into group_7.client (id, address, phone_number) values ('00000092', 'Mispelstraat 40, 3000 Leuven', '3028990122');
insert into group_7.client (id, address, phone_number) values ('00000093', 'Oude Mechelsebaan 73, 3020 Herent', '2626619321');
insert into group_7.client (id, address, phone_number) values ('00000094', 'Biezestraat 18, 3300 Tienen', '1966939639');
insert into group_7.client (id, address, phone_number) values ('00000095', 'Stokstraat 60, 3550 Zolder', '6442190540');
insert into group_7.client (id, address, phone_number) values ('00000096', 'Kastanjelaan 52, 3140 Keerbergen', '4875493940');
insert into group_7.client (id, address, phone_number) values ('00000097', 'Bemptlaan 24, 3010 Kessel-Lo', '6079912077');
insert into group_7.client (id, address, phone_number) values ('00000098', 'Heibosstraat 17, 3200 Aarschot', '3559969977');

insert into group_7.patient (id, name, date_of_birth, animal_breed, animal_species, client_id) values ('00000001', 'Luna', '1987-09-18', 'Golden Retriever', 'Dog', '00000001');
insert into group_7.patient (id, name, date_of_birth, animal_breed, animal_species, client_id) values ('00000002', 'Milo', '2008-06-14', 'British Shorthair', 'Cat', '00000002');
insert into group_7.patient (id, name, date_of_birth, animal_breed, animal_species, client_id) values ('00000003', 'Nova', '1981-08-29', 'Siamese', 'Cat', '00000003');
insert into group_7.patient (id, name, date_of_birth, animal_breed, animal_species, client_id) values ('00000004', 'Rex', '1992-02-11', 'German Shepherd', 'Dog', '00000004');
insert into group_7.patient (id, name, date_of_birth, animal_breed, animal_species, client_id) values ('00000005', 'Bella', '1997-05-12', 'Labrador Retriever', 'Dog', '00000005');
insert into group_7.patient (id, name, date_of_birth, animal_breed, animal_species, client_id) values ('00000006', 'Gizmo', '1986-03-13', 'Netherland Dwarf', 'Rabbit', '00000006');
insert into group_7.patient (id, name, date_of_birth, animal_breed, animal_species, client_id) values ('00000007', 'Coco', '1999-01-05', 'African Grey', 'Bird', '00000007');
insert into group_7.patient (id, name, date_of_birth, animal_breed, animal_species, client_id) values ('00000008', 'Jasper', '1988-07-11', 'Bengal', 'Cat', '00000008');
insert into group_7.patient (id, name, date_of_birth, animal_breed, animal_species, client_id) values ('00000009', 'Pepper', '2019-07-06', 'Holland Lop', 'Rabbit', '00000009');
insert into group_7.patient (id, name, date_of_birth, animal_breed, animal_species, client_id) values ('00000010', 'Shadow', '2013-04-16', 'Maine Coon', 'Cat', '00000010');
insert into group_7.patient (id, name, date_of_birth, animal_breed, animal_species, client_id) values ('00000011', 'Toby', '2008-03-17', 'Beagle', 'Dog', '00000011');
insert into group_7.patient (id, name, date_of_birth, animal_breed, animal_species, client_id) values ('00000012', 'Daisy', '2023-04-04', 'Cockatiel', 'Bird', '00000012');
insert into group_7.patient (id, name, date_of_birth, animal_breed, animal_species, client_id) values ('00000013', 'Willow', '1993-10-31', 'Syrian', 'Hamster', '00000013');
insert into group_7.patient (id, name, date_of_birth, animal_breed, animal_species, client_id) values ('00000014', 'Rocky', '1999-11-26', 'Boxer', 'Dog', '00000014');
insert into group_7.patient (id, name, date_of_birth, animal_breed, animal_species, client_id) values ('00000015', 'Misty', '2020-09-04', 'Ragdoll', 'Cat', '00000015');
insert into group_7.patient (id, name, date_of_birth, animal_breed, animal_species, client_id) values ('00000016', 'Finn', '2017-08-20', 'Corgi', 'Dog', '00000016');
insert into group_7.patient (id, name, date_of_birth, animal_breed, animal_species, client_id) values ('00000017', 'Olive', '2012-12-31', 'Mini Lop', 'Rabbit', '00000017');
insert into group_7.patient (id, name, date_of_birth, animal_breed, animal_species, client_id) values ('00000018', 'Hugo', '2013-09-01', 'British Shorthair', 'Cat', '00000018');
insert into group_7.patient (id, name, date_of_birth, animal_breed, animal_species, client_id) values ('00000019', 'Cleo', '2021-01-08', 'Abyssinian', 'Cat', '00000019');
insert into group_7.patient (id, name, date_of_birth, animal_breed, animal_species, client_id) values ('00000020', 'Scout', '2006-12-14', 'Border Collie', 'Dog', '00000020');
insert into group_7.patient (id, name, date_of_birth, animal_breed, animal_species, client_id) values ('00000021', 'Pippin', '1985-03-29', 'Dwarf Hamster', 'Hamster', '00000021');
insert into group_7.patient (id, name, date_of_birth, animal_breed, animal_species, client_id) values ('00000022', 'Amber', '1997-11-04', 'Persian', 'Cat', '00000022');
insert into group_7.patient (id, name, date_of_birth, animal_breed, animal_species, client_id) values ('00000023', 'Max', '2007-07-06', 'Shiba Inu', 'Dog', '00000023');
insert into group_7.patient (id, name, date_of_birth, animal_breed, animal_species, client_id) values ('00000024', 'Kira', '2004-07-08', 'Siamese', 'Cat', '00000024');
insert into group_7.patient (id, name, date_of_birth, animal_breed, animal_species, client_id) values ('00000025', 'Rio', '2002-01-07', 'Budgerigar', 'Bird', '00000025');
insert into group_7.patient (id, name, date_of_birth, animal_breed, animal_species, client_id) values ('00000026', 'Ziggy', '2024-12-28', 'Tabby', 'Cat', '00000026');
insert into group_7.patient (id, name, date_of_birth, animal_breed, animal_species, client_id) values ('00000027', 'Bean', '2025-02-16', 'Mini Rex', 'Rabbit', '00000027');
insert into group_7.patient (id, name, date_of_birth, animal_breed, animal_species, client_id) values ('00000028', 'Atlas', '2016-11-26', 'Great Dane', 'Dog', '00000028');
insert into group_7.patient (id, name, date_of_birth, animal_breed, animal_species, client_id) values ('00000029', 'Poppy', '1983-03-05', 'Beagle', 'Dog', '00000029');
insert into group_7.patient (id, name, date_of_birth, animal_breed, animal_species, client_id) values ('00000030', 'Felix', '2000-04-28', 'Tuxedo', 'Cat', '00000030');
insert into group_7.patient (id, name, date_of_birth, animal_breed, animal_species, client_id) values ('00000031', 'Lilo', '1997-09-02', 'French Bulldog', 'Dog', '00000031');
insert into group_7.patient (id, name, date_of_birth, animal_breed, animal_species, client_id) values ('00000032', 'Momo', '2004-08-12', 'Scottish Fold', 'Cat', '00000032');
insert into group_7.patient (id, name, date_of_birth, animal_breed, animal_species, client_id) values ('00000033', 'Salem', '1982-03-17', 'Bombay', 'Cat', '00000033');
insert into group_7.patient (id, name, date_of_birth, animal_breed, animal_species, client_id) values ('00000034', 'Bruno', '2022-01-02', 'Dachshund', 'Dog', '00000034');
insert into group_7.patient (id, name, date_of_birth, animal_breed, animal_species, client_id) values ('00000035', 'Arlo', '1985-02-28', 'Cockapoo', 'Dog', '00000035');
insert into group_7.patient (id, name, date_of_birth, animal_breed, animal_species, client_id) values ('00000036', 'Kiwi', '1994-08-30', 'Lovebird', 'Bird', '00000036');
insert into group_7.patient (id, name, date_of_birth, animal_breed, animal_species, client_id) values ('00000037', 'Ivy', '2018-04-13', 'Angora', 'Rabbit', '00000037');
insert into group_7.patient (id, name, date_of_birth, animal_breed, animal_species, client_id) values ('00000038', 'Marley', '1999-03-11', 'Golden Retriever', 'Dog', '00000038');
insert into group_7.patient (id, name, date_of_birth, animal_breed, animal_species, client_id) values ('00000039', 'Zeus', '2012-02-13', 'Rottweiler', 'Dog', '00000039');
insert into group_7.patient (id, name, date_of_birth, animal_breed, animal_species, client_id) values ('00000040', 'Nala', '1998-02-28', 'Bengal', 'Cat', '00000040');
insert into group_7.patient (id, name, date_of_birth, animal_breed, animal_species, client_id) values ('00000041', 'Snickers', '2008-01-13', 'Syrian', 'Hamster', '00000041');
insert into group_7.patient (id, name, date_of_birth, animal_breed, animal_species, client_id) values ('00000042', 'Sparky', '1989-09-30', 'Pomeranian', 'Dog', '00000042');
insert into group_7.patient (id, name, date_of_birth, animal_breed, animal_species, client_id) values ('00000043', 'Maple', '1996-05-25', 'Calico', 'Cat', '00000043');
insert into group_7.patient (id, name, date_of_birth, animal_breed, animal_species, client_id) values ('00000044', 'Jasper', '1982-04-03', 'Samoyed', 'Dog', '00000044');
insert into group_7.patient (id, name, date_of_birth, animal_breed, animal_species, client_id) values ('00000045', 'Ruby', '1994-08-07', 'Papillon', 'Dog', '00000045');
insert into group_7.patient (id, name, date_of_birth, animal_breed, animal_species, client_id) values ('00000046', 'Ghost', '2005-08-01', 'Siberian', 'Cat', '00000046');
insert into group_7.patient (id, name, date_of_birth, animal_breed, animal_species, client_id) values ('00000047', 'Basil', '2017-12-03', 'Dutch Rabbit', 'Rabbit', '00000047');
insert into group_7.patient (id, name, date_of_birth, animal_breed, animal_species, client_id) values ('00000048', 'Trixie', '1992-06-20', 'Chihuahua', 'Dog', '00000048');
insert into group_7.patient (id, name, date_of_birth, animal_breed, animal_species, client_id) values ('00000049', 'Storm', '1996-12-02', 'Husky', 'Dog', '00000049');
insert into group_7.patient (id, name, date_of_birth, animal_breed, animal_species, client_id) values ('00000050', 'Luna', '2024-11-02', 'Cockatiel', 'Bird', '00000050');
insert into group_7.patient (id, name, date_of_birth, animal_breed, animal_species, client_id) values ('00000051', 'Echo', '2009-03-27', 'Abyssinian', 'Cat', '00000051');
insert into group_7.patient (id, name, date_of_birth, animal_breed, animal_species, client_id) values ('00000052', 'Raven', '2010-12-08', 'Black Lab', 'Dog', '00000052');
insert into group_7.patient (id, name, date_of_birth, animal_breed, animal_species, client_id) values ('00000053', 'Miso', '1985-03-27', 'Siamese', 'Cat', '00000053');
insert into group_7.patient (id, name, date_of_birth, animal_breed, animal_species, client_id) values ('00000054', 'Koko', '2007-09-21', 'Umbrella Cockatoo', 'Bird', '00000054');
insert into group_7.patient (id, name, date_of_birth, animal_breed, animal_species, client_id) values ('00000055', 'Hazel', '1994-09-21', 'Holland Lop', 'Rabbit', '00000055');
insert into group_7.patient (id, name, date_of_birth, animal_breed, animal_species, client_id) values ('00000056', 'Benny', '2016-09-30', 'Cavapoo', 'Dog', '00000056');
insert into group_7.patient (id, name, date_of_birth, animal_breed, animal_species, client_id) values ('00000057', 'Saffron', '1996-07-10', 'Scottish Fold', 'Cat', '00000057');
insert into group_7.patient (id, name, date_of_birth, animal_breed, animal_species, client_id) values ('00000058', 'Tiger', '2011-08-01', 'Maine Coon', 'Cat', '00000058');
insert into group_7.patient (id, name, date_of_birth, animal_breed, animal_species, client_id) values ('00000059', 'Archie', '1997-08-06', 'Cocker Spaniel', 'Dog', '00000059');
insert into group_7.patient (id, name, date_of_birth, animal_breed, animal_species, client_id) values ('00000060', 'Blue', '1986-05-21', 'Australian Shepherd', 'Dog', '00000060');
insert into group_7.patient (id, name, date_of_birth, animal_breed, animal_species, client_id) values ('00000061', 'Dot', '1982-12-23', 'Mini Rex', 'Rabbit', '00000061');
insert into group_7.patient (id, name, date_of_birth, animal_breed, animal_species, client_id) values ('00000062', 'Sky', '2021-06-25', 'Parakeet', 'Bird', '00000062');
insert into group_7.patient (id, name, date_of_birth, animal_breed, animal_species, client_id) values ('00000063', 'Chai', '2004-06-01', 'Burmese', 'Cat', '00000063');
insert into group_7.patient (id, name, date_of_birth, animal_breed, animal_species, client_id) values ('00000064', 'Tank', '1985-05-19', 'Bulldog', 'Dog', '00000064');
insert into group_7.patient (id, name, date_of_birth, animal_breed, animal_species, client_id) values ('00000065', 'Zazu', '1986-01-02', 'Macaw', 'Bird', '00000065');
insert into group_7.patient (id, name, date_of_birth, animal_breed, animal_species, client_id) values ('00000066', 'Thumper', '1986-01-15', 'Flemish Giant', 'Rabbit', '00000066');
insert into group_7.patient (id, name, date_of_birth, animal_breed, animal_species, client_id) values ('00000067', 'Piper', '2005-11-15', 'Shih Tzu', 'Dog', '00000067');
insert into group_7.patient (id, name, date_of_birth, animal_breed, animal_species, client_id) values ('00000068', 'Milo', '2010-05-09', 'Tabby', 'Cat', '00000068');
insert into group_7.patient (id, name, date_of_birth, animal_breed, animal_species, client_id) values ('00000069', 'Nori', '1984-07-27', 'Ragdoll', 'Cat', '00000069');
insert into group_7.patient (id, name, date_of_birth, animal_breed, animal_species, client_id) values ('00000070', 'Bolt', '1998-06-25', 'Whippet', 'Dog', '00000070');
insert into group_7.patient (id, name, date_of_birth, animal_breed, animal_species, client_id) values ('00000071', 'Maple', '2002-01-01', 'Lop-Eared', 'Rabbit', '00000071');
insert into group_7.patient (id, name, date_of_birth, animal_breed, animal_species, client_id) values ('00000072', 'Iris', '1981-12-29', 'Angora', 'Cat', '00000072');
insert into group_7.patient (id, name, date_of_birth, animal_breed, animal_species, client_id) values ('00000073', 'Chip', '1991-12-01', 'Guinea Pig – Guine', 'Pig', '00000073');
insert into group_7.patient (id, name, date_of_birth, animal_breed, animal_species, client_id) values ('00000074', 'Fudge', '1983-07-17', 'Teddy Guinea Pig – Guine', 'Pig', '00000074');
insert into group_7.patient (id, name, date_of_birth, animal_breed, animal_species, client_id) values ('00000075', 'Bubbles', '2016-02-29', 'Betta', 'Fish', '00000075');
insert into group_7.patient (id, name, date_of_birth, animal_breed, animal_species, client_id) values ('00000076', 'Neptune', '1989-09-25', 'Goldfish', 'Fish', '00000076');
insert into group_7.patient (id, name, date_of_birth, animal_breed, animal_species, client_id) values ('00000077', 'Pearl', '1983-03-19', 'Canary', 'Bird', '00000077');
insert into group_7.patient (id, name, date_of_birth, animal_breed, animal_species, client_id) values ('00000078', 'Oscar', '2009-05-04', 'Rat', 'Rat', '00000078');
insert into group_7.patient (id, name, date_of_birth, animal_breed, animal_species, client_id) values ('00000079', 'Luna', '2002-10-23', 'Ferret', 'Ferret', '00000079');
insert into group_7.patient (id, name, date_of_birth, animal_breed, animal_species, client_id) values ('00000080', 'Nacho', '2012-01-09', 'Gecko', 'Reptile', '00000080');
insert into group_7.patient (id, name, date_of_birth, animal_breed, animal_species, client_id) values ('00000081', 'Slinky', '2017-12-24', 'Corn Snake', 'Reptile', '00000081');
insert into group_7.patient (id, name, date_of_birth, animal_breed, animal_species, client_id) values ('00000082', 'Echo', '1996-12-10', 'Parrotlet', 'Bird', '00000082');
insert into group_7.patient (id, name, date_of_birth, animal_breed, animal_species, client_id) values ('00000083', 'Bruno', '2020-12-23', 'Irish Setter', 'Dog', '00000083');
insert into group_7.patient (id, name, date_of_birth, animal_breed, animal_species, client_id) values ('00000084', 'Olive', '2010-02-07', 'Sphynx', 'Cat', '00000084');
insert into group_7.patient (id, name, date_of_birth, animal_breed, animal_species, client_id) values ('00000085', 'Frost', '2007-10-19', 'Siberian Husky', 'Dog', '00000085');
insert into group_7.patient (id, name, date_of_birth, animal_breed, animal_species, client_id) values ('00000086', 'Peanut', '1994-11-18', 'Syrian', 'Hamster', '00000086');
insert into group_7.patient (id, name, date_of_birth, animal_breed, animal_species, client_id) values ('00000087', 'Sushi', '2017-09-22', 'Japanese Bobtail', 'Cat', '00000087');
insert into group_7.patient (id, name, date_of_birth, animal_breed, animal_species, client_id) values ('00000088', 'Merlin', '2020-01-06', 'Cockatoo', 'Bird', '00000088');
insert into group_7.patient (id, name, date_of_birth, animal_breed, animal_species, client_id) values ('00000089', 'Nibbles', '2000-05-26', 'Dwarf Rabbit', 'Rabbit', '00000089');
insert into group_7.patient (id, name, date_of_birth, animal_breed, animal_species, client_id) values ('00000090', 'Pongo', '2025-02-03', 'Dalmatian', 'Dog', '00000090');
insert into group_7.patient (id, name, date_of_birth, animal_breed, animal_species, client_id) values ('00000091', 'Berry', '1981-05-27', 'Hamster', 'Hamster', '00000091');
insert into group_7.patient (id, name, date_of_birth, animal_breed, animal_species, client_id) values ('00000092', 'Dash', '2012-05-03', 'Greyhound', 'Dog', '00000092');
insert into group_7.patient (id, name, date_of_birth, animal_breed, animal_species, client_id) values ('00000093', 'Clover', '1981-03-05', 'Mini Lop', 'Rabbit', '00000093');
insert into group_7.patient (id, name, date_of_birth, animal_breed, animal_species, client_id) values ('00000094', 'Luna', '1989-03-26', 'Lovebird', 'Bird', '00000094');
insert into group_7.patient (id, name, date_of_birth, animal_breed, animal_species, client_id) values ('00000095', 'Sunny', '1998-12-09', 'Goldendoodle', 'Dog', '00000095');
insert into group_7.patient (id, name, date_of_birth, animal_breed, animal_species, client_id) values ('00000096', 'Freya', '2017-09-10', 'Russian Blue', 'Cat', '00000096');
insert into group_7.patient (id, name, date_of_birth, animal_breed, animal_species, client_id) values ('00000097', 'Jasper', '2009-05-04', 'Norwegian Forest', 'Cat', '00000097');
insert into group_7.patient (id, name, date_of_birth, animal_breed, animal_species, client_id) values ('00000098', 'Mango', '1981-12-24', 'Sun Conure', 'Bird', '00000098');
insert into group_7.patient (id, name, date_of_birth, animal_breed, animal_species, client_id) values ('00000099', 'Leo', '1998-07-08', 'Leonberger', 'Dog', '00000017');
insert into group_7.patient (id, name, date_of_birth, animal_breed, animal_species, client_id) values ('00000100', 'Nova', '2009-03-25', 'Puggle', 'Dog', '00000018');
insert into group_7.patient (id, name, date_of_birth, animal_breed, animal_species, client_id) values ('00000101', 'Cookie', '1999-03-22', 'Dutch Rabbit', 'Rabbit', '00000019');
insert into group_7.patient (id, name, date_of_birth, animal_breed, animal_species, client_id) values ('00000102', 'Milo', '1988-10-06', 'Border Terrier', 'Dog', '00000020');
insert into group_7.patient (id, name, date_of_birth, animal_breed, animal_species, client_id) values ('00000103', 'Willow', '1987-12-27', 'Turkish Angora', 'Cat', '00000021');
insert into group_7.patient (id, name, date_of_birth, animal_breed, animal_species, client_id) values ('00000104', 'Blaze', '2014-09-30', 'Belgian Malinois', 'Dog', '00000022');
insert into group_7.patient (id, name, date_of_birth, animal_breed, animal_species, client_id) values ('00000105', 'Mabel', '2003-06-24', 'Calico', 'Cat', '00000023');
insert into group_7.patient (id, name, date_of_birth, animal_breed, animal_species, client_id) values ('00000106', 'Tofu', '1988-10-31', 'Degu', 'Rodent', '00000024');
insert into group_7.patient (id, name, date_of_birth, animal_breed, animal_species, client_id) values ('00000107', 'Comet', '2023-05-17', 'Ferret', 'Ferret', '00000025');
insert into group_7.patient (id, name, date_of_birth, animal_breed, animal_species, client_id) values ('00000108', 'Basil', '1994-01-30', 'Parakeet', 'Bird', '00000026');
insert into group_7.patient (id, name, date_of_birth, animal_breed, animal_species, client_id) values ('00000109', 'Zorro', '1983-03-27', 'Havana Brown', 'Cat', '00000027');
insert into group_7.patient (id, name, date_of_birth, animal_breed, animal_species, client_id) values ('00000110', 'Buster', '1998-03-08', 'Jack Russell', 'Dog', '00000028');
insert into group_7.patient (id, name, date_of_birth, animal_breed, animal_species, client_id) values ('00000111', 'Velvet', '1982-08-14', 'Persian', 'Cat', '00000029');
insert into group_7.patient (id, name, date_of_birth, animal_breed, animal_species, client_id) values ('00000112', 'Mocha', '2019-11-23', 'Havana Rabbit', 'Rabbit', '00000030');
insert into group_7.patient (id, name, date_of_birth, animal_breed, animal_species, client_id) values ('00000113', 'Pip', '2002-04-02', 'Roborovski', 'Hamster', '00000031');
insert into group_7.patient (id, name, date_of_birth, animal_breed, animal_species, client_id) values ('00000114', 'Loki', '1985-08-24', 'Bengal', 'Cat', '00000032');
insert into group_7.patient (id, name, date_of_birth, animal_breed, animal_species, client_id) values ('00000115', 'Tango', '2004-12-10', 'Cockapoo', 'Dog', '00000033');
insert into group_7.patient (id, name, date_of_birth, animal_breed, animal_species, client_id) values ('00000116', 'Ember', '2021-05-30', 'Shorthair', 'Cat', '00000034');
insert into group_7.patient (id, name, date_of_birth, animal_breed, animal_species, client_id) values ('00000117', 'Skye', '1997-07-12', 'Husky', 'Dog', '00000035');
insert into group_7.patient (id, name, date_of_birth, animal_breed, animal_species, client_id) values ('00000118', 'Clover', '1991-04-14', 'Cockatiel', 'Bird', '00000036');
insert into group_7.patient (id, name, date_of_birth, animal_breed, animal_species, client_id) values ('00000119', 'Pixel', '1988-11-13', 'Netherland Dwarf', 'Rabbit', '00000037');
insert into group_7.patient (id, name, date_of_birth, animal_breed, animal_species, client_id) values ('00000120', 'Otto', '1996-03-11', 'Pug', 'Dog', '00000038');
insert into group_7.patient (id, name, date_of_birth, animal_breed, animal_species, client_id) values ('00000121', 'Mist', '1981-10-22', 'Turkish Van', 'Cat', '00000039');
insert into group_7.patient (id, name, date_of_birth, animal_breed, animal_species, client_id) values ('00000122', 'Apollo', '2013-08-25', 'German Spitz', 'Dog', '00000040');
insert into group_7.patient (id, name, date_of_birth, animal_breed, animal_species, client_id) values ('00000123', 'Sushi', '1991-02-08', 'Siamese', 'Cat', '00000041');
insert into group_7.patient (id, name, date_of_birth, animal_breed, animal_species, client_id) values ('00000124', 'Pepper', '2010-09-27', 'Scottish Terrier', 'Dog', '00000042');
insert into group_7.patient (id, name, date_of_birth, animal_breed, animal_species, client_id) values ('00000125', 'Lenny', '2024-11-10', 'Guinea Pig – Guine', 'Pig', '00000043');
insert into group_7.patient (id, name, date_of_birth, animal_breed, animal_species, client_id) values ('00000126', 'Zigzag', '2010-04-21', 'Ferret', 'Ferret', '00000044');
insert into group_7.patient (id, name, date_of_birth, animal_breed, animal_species, client_id) values ('00000127', 'Mochi', '1984-03-13', 'British Longhair', 'Cat', '00000045');
insert into group_7.patient (id, name, date_of_birth, animal_breed, animal_species, client_id) values ('00000128', 'Atlas', '2002-06-30', 'Cane Corso', 'Dog', '00000046');
insert into group_7.patient (id, name, date_of_birth, animal_breed, animal_species, client_id) values ('00000129', 'Berry', '1988-08-19', 'Lop-Eared Rabbit', 'Rabbit', '00000047');

INSERT INTO group_7.email (client_id, email) VALUES ('00000001', 'emma.smith@gmail.com');
INSERT INTO group_7.email (client_id, email) VALUES ('00000002', 'liam.jones@hotmail.be');
INSERT INTO group_7.email (client_id, email) VALUES ('00000003', 'olivia.brown@yahoo.com');
INSERT INTO group_7.email (client_id, email) VALUES ('00000004', 'noah.wilson@gmail.com');
INSERT INTO group_7.email (client_id, email) VALUES ('00000005', 'ava.moore@hotmail.be');
INSERT INTO group_7.email (client_id, email) VALUES ('00000006', 'elijah.taylor@gmail.com');
INSERT INTO group_7.email (client_id, email) VALUES ('00000007', 'sophia.anderson@yahoo.com');
INSERT INTO group_7.email (client_id, email) VALUES ('00000008', 'lucas.thomas@gmail.com');
INSERT INTO group_7.email (client_id, email) VALUES ('00000009', 'mia.jackson@hotmail.be');
INSERT INTO group_7.email (client_id, email) VALUES ('00000010', 'ethan.white@yahoo.com');
INSERT INTO group_7.email (client_id, email) VALUES ('00000011', 'isabella.harris@gmail.com');
INSERT INTO group_7.email (client_id, email) VALUES ('00000012', 'logan.martin@hotmail.be');
INSERT INTO group_7.email (client_id, email) VALUES ('00000013', 'charlotte.thompson@yahoo.com');
INSERT INTO group_7.email (client_id, email) VALUES ('00000014', 'mason.garcia@gmail.com');
INSERT INTO group_7.email (client_id, email) VALUES ('00000015', 'amelia.martinez@hotmail.be');
INSERT INTO group_7.email (client_id, email) VALUES ('00000016', 'oliver.robinson@gmail.com');
INSERT INTO group_7.email (client_id, email) VALUES ('00000017', 'harper.clark@yahoo.com');
INSERT INTO group_7.email (client_id, email) VALUES ('00000018', 'james.rodriguez@gmail.com');
INSERT INTO group_7.email (client_id, email) VALUES ('00000019', 'evelyn.lewis@hotmail.be');
INSERT INTO group_7.email (client_id, email) VALUES ('00000020', 'benjamin.lee@yahoo.com');
INSERT INTO group_7.email (client_id, email) VALUES ('00000021', 'abigail.walker@gmail.com');
INSERT INTO group_7.email (client_id, email) VALUES ('00000022', 'jack.hall@hotmail.be');
INSERT INTO group_7.email (client_id, email) VALUES ('00000023', 'harry.allen@yahoo.com');
INSERT INTO group_7.email (client_id, email) VALUES ('00000024', 'emily.young@gmail.com');
INSERT INTO group_7.email (client_id, email) VALUES ('00000025', 'william.king@hotmail.be');
INSERT INTO group_7.email (client_id, email) VALUES ('00000026', 'sofia.scott@yahoo.com');
INSERT INTO group_7.email (client_id, email) VALUES ('00000027', 'daniel.adams@gmail.com');
INSERT INTO group_7.email (client_id, email) VALUES ('00000028', 'lily.baker@hotmail.be');
INSERT INTO group_7.email (client_id, email) VALUES ('00000029', 'henry.nelson@yahoo.com');
INSERT INTO group_7.email (client_id, email) VALUES ('00000030', 'ella.carter@gmail.com');
INSERT INTO group_7.email (client_id, email) VALUES ('00000031', 'sebastian.mitchell@hotmail.be');
INSERT INTO group_7.email (client_id, email) VALUES ('00000032', 'scarlett.perez@yahoo.com');
INSERT INTO group_7.email (client_id, email) VALUES ('00000033', 'alexander.roberts@gmail.com');
INSERT INTO group_7.email (client_id, email) VALUES ('00000034', 'victoria.turner@hotmail.be');
INSERT INTO group_7.email (client_id, email) VALUES ('00000035', 'nathan.phillips@yahoo.com');
INSERT INTO group_7.email (client_id, email) VALUES ('00000036', 'chloe.campbell@gmail.com');
INSERT INTO group_7.email (client_id, email) VALUES ('00000037', 'samuel.parker@hotmail.be');
INSERT INTO group_7.email (client_id, email) VALUES ('00000038', 'zoe.evans@yahoo.com');
INSERT INTO group_7.email (client_id, email) VALUES ('00000039', 'aaron.edwards@gmail.com');
INSERT INTO group_7.email (client_id, email) VALUES ('00000040', 'madison.collins@hotmail.be');
INSERT INTO group_7.email (client_id, email) VALUES ('00000041', 'gabriel.stewart@yahoo.com');
INSERT INTO group_7.email (client_id, email) VALUES ('00000042', 'hannah.sanchez@gmail.com');
INSERT INTO group_7.email (client_id, email) VALUES ('00000043', 'jackson.morris@hotmail.be');
INSERT INTO group_7.email (client_id, email) VALUES ('00000044', 'luna.rogers@yahoo.com');
INSERT INTO group_7.email (client_id, email) VALUES ('00000045', 'owen.reed@gmail.com');
INSERT INTO group_7.email (client_id, email) VALUES ('00000046', 'penelope.cook@hotmail.be');
INSERT INTO group_7.email (client_id, email) VALUES ('00000047', 'logan.morgan@yahoo.com');
INSERT INTO group_7.email (client_id, email) VALUES ('00000048', 'ellie.bell@gmail.com');
INSERT INTO group_7.email (client_id, email) VALUES ('00000049', 'isaac.murphy@hotmail.be');
INSERT INTO group_7.email (client_id, email) VALUES ('00000050', 'grace.bailey@yahoo.com');
INSERT INTO group_7.email (client_id, email) VALUES ('00000051', 'leo.rivera@gmail.com');
INSERT INTO group_7.email (client_id, email) VALUES ('00000052', 'nora.cooper@hotmail.be');
INSERT INTO group_7.email (client_id, email) VALUES ('00000053', 'michael.richardson@yahoo.com');
INSERT INTO group_7.email (client_id, email) VALUES ('00000054', 'lila.cox@gmail.com');
INSERT INTO group_7.email (client_id, email) VALUES ('00000055', 'daniel.howard@hotmail.be');
INSERT INTO group_7.email (client_id, email) VALUES ('00000056', 'harper.ward@yahoo.com');
INSERT INTO group_7.email (client_id, email) VALUES ('00000057', 'julian.torres@gmail.com');
INSERT INTO group_7.email (client_id, email) VALUES ('00000058', 'scarlett.peterson@hotmail.be');
INSERT INTO group_7.email (client_id, email) VALUES ('00000059', 'nathan.gray@yahoo.com');
INSERT INTO group_7.email (client_id, email) VALUES ('00000060', 'ava.ramirez@gmail.com');
INSERT INTO group_7.email (client_id, email) VALUES ('00000061', 'elijah.james@hotmail.be');
INSERT INTO group_7.email (client_id, email) VALUES ('00000062', 'sofia.watson@yahoo.com');
INSERT INTO group_7.email (client_id, email) VALUES ('00000063', 'oliver.brooks@gmail.com');
INSERT INTO group_7.email (client_id, email) VALUES ('00000064', 'mia.kelly@hotmail.be');
INSERT INTO group_7.email (client_id, email) VALUES ('00000065', 'benjamin.sanders@yahoo.com');
INSERT INTO group_7.email (client_id, email) VALUES ('00000066', 'isabella.price@gmail.com');
INSERT INTO group_7.email (client_id, email) VALUES ('00000067', 'jack.murray@hotmail.be');
INSERT INTO group_7.email (client_id, email) VALUES ('00000068', 'harper.bishop@yahoo.com');
INSERT INTO group_7.email (client_id, email) VALUES ('00000069', 'lucas.henderson@gmail.com');
INSERT INTO group_7.email (client_id, email) VALUES ('00000070', 'ella.ryan@hotmail.be');
INSERT INTO group_7.email (client_id, email) VALUES ('00000071', 'alexander.watkins@yahoo.com');
INSERT INTO group_7.email (client_id, email) VALUES ('00000072', 'lily.simmons@gmail.com');
INSERT INTO group_7.email (client_id, email) VALUES ('00000073', 'sebastian.foster@hotmail.be');
INSERT INTO group_7.email (client_id, email) VALUES ('00000074', 'scarlett.gonzalez@yahoo.com');
INSERT INTO group_7.email (client_id, email) VALUES ('00000075', 'daniel.bryant@gmail.com');
INSERT INTO group_7.email (client_id, email) VALUES ('00000076', 'chloe.alexander@hotmail.be');
INSERT INTO group_7.email (client_id, email) VALUES ('00000077', 'henry.russell@yahoo.com');
INSERT INTO group_7.email (client_id, email) VALUES ('00000078', 'ella.griffin@gmail.com');
INSERT INTO group_7.email (client_id, email) VALUES ('00000079', 'samuel.diaz@hotmail.be');
INSERT INTO group_7.email (client_id, email) VALUES ('00000080', 'zoe.hayes@yahoo.com');
INSERT INTO group_7.email (client_id, email) VALUES ('00000081', 'aaron.myers@gmail.com');
INSERT INTO group_7.email (client_id, email) VALUES ('00000082', 'madison.ford@hotmail.be');
INSERT INTO group_7.email (client_id, email) VALUES ('00000083', 'gabriel.hamilton@yahoo.com');
INSERT INTO group_7.email (client_id, email) VALUES ('00000084', 'hannah.graham@gmail.com');
INSERT INTO group_7.email (client_id, email) VALUES ('00000085', 'jackson.sullivan@hotmail.be');
INSERT INTO group_7.email (client_id, email) VALUES ('00000086', 'luna.wallace@yahoo.com');
INSERT INTO group_7.email (client_id, email) VALUES ('00000087', 'owen.woods@gmail.com');
INSERT INTO group_7.email (client_id, email) VALUES ('00000088', 'penelope.cooper@hotmail.be');
INSERT INTO group_7.email (client_id, email) VALUES ('00000089', 'logan.watson@yahoo.com');
INSERT INTO group_7.email (client_id, email) VALUES ('00000090', 'ellie.reed@gmail.com');
INSERT INTO group_7.email (client_id, email) VALUES ('00000091', 'isaac.morgan@hotmail.be');
INSERT INTO group_7.email (client_id, email) VALUES ('00000092', 'grace.bell@yahoo.com');
INSERT INTO group_7.email (client_id, email) VALUES ('00000093', 'leo.bailey@gmail.com');
INSERT INTO group_7.email (client_id, email) VALUES ('00000094', 'nora.rivera@hotmail.be');
INSERT INTO group_7.email (client_id, email) VALUES ('00000095', 'michael.cooper@yahoo.com');
INSERT INTO group_7.email (client_id, email) VALUES ('00000096', 'lila.richardson@gmail.com');
INSERT INTO group_7.email (client_id, email) VALUES ('00000097', 'daniel.howard@hotmail.be');
INSERT INTO group_7.email (client_id, email) VALUES ('00000098', 'harper.ward@yahoo.com');
INSERT INTO group_7.email (client_id, email) VALUES ('00000004', 'julian.torres@gmail.com');
INSERT INTO group_7.email (client_id, email) VALUES ('00000005', 'scarlett.peterson@hotmail.be');
INSERT INTO group_7.email (client_id, email) VALUES ('00000006', 'nathan.gray@yahoo.com');
INSERT INTO group_7.email (client_id, email) VALUES ('00000007', 'ava.ramirez@gmail.com');
INSERT INTO group_7.email (client_id, email) VALUES ('00000008', 'elijah.james@hotmail.be');
INSERT INTO group_7.email (client_id, email) VALUES ('00000009', 'sofia.watson@yahoo.com');
INSERT INTO group_7.email (client_id, email) VALUES ('00000010', 'oliver.brooks@gmail.com');
INSERT INTO group_7.email (client_id, email) VALUES ('00000011', 'mia.kelly@hotmail.be');
INSERT INTO group_7.email (client_id, email) VALUES ('00000012', 'benjamin.sanders@yahoo.com');
INSERT INTO group_7.email (client_id, email) VALUES ('00000013', 'isabella.price@gmail.com');
INSERT INTO group_7.email (client_id, email) VALUES ('00000014', 'jack.murray@hotmail.be');
INSERT INTO group_7.email (client_id, email) VALUES ('00000015', 'harper.bishop@yahoo.com');
INSERT INTO group_7.email (client_id, email) VALUES ('00000016', 'lucas.henderson@gmail.com');
INSERT INTO group_7.email (client_id, email) VALUES ('00000017', 'ella.ryan@hotmail.be');
INSERT INTO group_7.email (client_id, email) VALUES ('00000018', 'alexander.watkins@yahoo.com');
INSERT INTO group_7.email (client_id, email) VALUES ('00000019', 'lily.simmons@gmail.com');
INSERT INTO group_7.email (client_id, email) VALUES ('00000020', 'sebastian.foster@hotmail.be');
INSERT INTO group_7.email (client_id, email) VALUES ('00000021', 'scarlett.gonzalez@yahoo.com');
INSERT INTO group_7.email (client_id, email) VALUES ('00000022', 'daniel.bryant@gmail.com');
INSERT INTO group_7.email (client_id, email) VALUES ('00000023', 'chloe.alexander@hotmail.be');
INSERT INTO group_7.email (client_id, email) VALUES ('00000024', 'henry.russell@yahoo.com');
INSERT INTO group_7.email (client_id, email) VALUES ('00000025', 'ella.griffin@gmail.com');
INSERT INTO group_7.email (client_id, email) VALUES ('00000026', 'samuel.diaz@hotmail.be');
INSERT INTO group_7.email (client_id, email) VALUES ('00000027', 'zoe.hayes@yahoo.com');
INSERT INTO group_7.email (client_id, email) VALUES ('00000028', 'aaron.myers@gmail.com');
INSERT INTO group_7.email (client_id, email) VALUES ('00000029', 'madison.ford@hotmail.be');
INSERT INTO group_7.email (client_id, email) VALUES ('00000030', 'gabriel.hamilton@yahoo.com');
INSERT INTO group_7.email (client_id, email) VALUES ('00000031', 'hannah.graham@gmail.com');
INSERT INTO group_7.email (client_id, email) VALUES ('00000032', 'jackson.sullivan@hotmail.be');
INSERT INTO group_7.email (client_id, email) VALUES ('00000033', 'luna.wallace@yahoo.com');
INSERT INTO group_7.email (client_id, email) VALUES ('00000034', 'owen.woods@gmail.com');
INSERT INTO group_7.email (client_id, email) VALUES ('00000035', 'penelope.cooper@hotmail.be');
INSERT INTO group_7.email (client_id, email) VALUES ('00000036', 'logan.watson@yahoo.com');
INSERT INTO group_7.email (client_id, email) VALUES ('00000037', 'ellie.reed@gmail.com');
INSERT INTO group_7.email (client_id, email) VALUES ('00000038', 'isaac.morgan@hotmail.be');
INSERT INTO group_7.email (client_id, email) VALUES ('00000039', 'grace.bell@yahoo.com');
INSERT INTO group_7.email (client_id, email) VALUES ('00000040', 'leo.bailey@gmail.com');
INSERT INTO group_7.email (client_id, email) VALUES ('00000041', 'nora.rivera@hotmail.be');
INSERT INTO group_7.email (client_id, email) VALUES ('00000042', 'michael.cooper@yahoo.com');
INSERT INTO group_7.email (client_id, email) VALUES ('00000043', 'lila.richardson@gmail.com');

-- client orders product
INSERT INTO group_7.client_orders_product( product_id, client_id, order_date, order_amount ) VALUES ( 'm5317269', '00000001', '2025-01-12', 1);
INSERT INTO group_7.client_orders_product( product_id, client_id, order_date, order_amount ) VALUES ( 'm2336005', '00000002', '2025-01-15', 2);
INSERT INTO group_7.client_orders_product( product_id, client_id, order_date, order_amount ) VALUES ( 'm3096895', '00000003', '2025-01-18', 1);
INSERT INTO group_7.client_orders_product( product_id, client_id, order_date, order_amount ) VALUES ( 'm4795236', '00000004', '2025-01-20', 3);
INSERT INTO group_7.client_orders_product( product_id, client_id, order_date, order_amount ) VALUES ( 'm3266758', '00000005', '2025-01-22', 1);
INSERT INTO group_7.client_orders_product( product_id, client_id, order_date, order_amount ) VALUES ( 'm5032142', '00000006', '2025-01-25', 2);
INSERT INTO group_7.client_orders_product( product_id, client_id, order_date, order_amount ) VALUES ( 'm6047660', '00000007', '2025-01-26', 1);
INSERT INTO group_7.client_orders_product( product_id, client_id, order_date, order_amount ) VALUES ( 'm3412836', '00000008', '2025-01-27', 4);
INSERT INTO group_7.client_orders_product( product_id, client_id, order_date, order_amount ) VALUES ( 'm1465537', '00000009', '2025-01-30', 2);
INSERT INTO group_7.client_orders_product( product_id, client_id, order_date, order_amount ) VALUES ( 'm1043663', '00000010', '2025-02-01', 1);
INSERT INTO group_7.client_orders_product( product_id, client_id, order_date, order_amount ) VALUES ( 'f5317269', '00000011', '2025-02-03', 3);
INSERT INTO group_7.client_orders_product( product_id, client_id, order_date, order_amount ) VALUES ( 'f2336005', '00000012', '2025-02-05', 1);
INSERT INTO group_7.client_orders_product( product_id, client_id, order_date, order_amount ) VALUES ( 'f3096895', '00000013', '2025-02-07', 2);
INSERT INTO group_7.client_orders_product( product_id, client_id, order_date, order_amount ) VALUES ( 'f4795236', '00000014', '2025-02-08', 6);
INSERT INTO group_7.client_orders_product( product_id, client_id, order_date, order_amount ) VALUES ( 'f3266758', '00000015', '2025-02-10', 1);
INSERT INTO group_7.client_orders_product( product_id, client_id, order_date, order_amount ) VALUES ( 'g5317269', '00000016', '2025-02-11', 1);
INSERT INTO group_7.client_orders_product( product_id, client_id, order_date, order_amount ) VALUES ( 'g2336005', '00000017', '2025-02-13', 2);
INSERT INTO group_7.client_orders_product( product_id, client_id, order_date, order_amount ) VALUES ( 'g3096895', '00000018', '2025-02-14', 1);
INSERT INTO group_7.client_orders_product( product_id, client_id, order_date, order_amount ) VALUES ( 'g4795236', '00000019', '2025-02-16', 1);
INSERT INTO group_7.client_orders_product( product_id, client_id, order_date, order_amount ) VALUES ( 'g3266758', '00000020', '2025-02-18', 3);

--appointment table 
INSERT INTO group_7.appointment( id, appointment_date, description, start_time, end_time, results, appointment_type, appointment_cost, follow_up_of, patient_id, room_number ) VALUES ( 'A000000031', '2025-01-12', 'Skin or coat irritation', '09:00:00', '09:30:00', null, 'Consultation', 75, null, '00000058', '002');
INSERT INTO group_7.appointment( id, appointment_date, description, start_time, end_time, results, appointment_type, appointment_cost, follow_up_of, patient_id, room_number ) VALUES ( 'A000000032', '2025-01-12', 'Digestive discomfort', '10:00:00', '10:30:00', null, 'Consultation', 80, null, '00000059', '003');
INSERT INTO group_7.appointment( id, appointment_date, description, start_time, end_time, results, appointment_type, appointment_cost, follow_up_of, patient_id, room_number ) VALUES ( 'A000000033', '2025-01-12', 'Routine check-up', '11:00:00', '11:30:00', null, 'Checkup', 50, null, '00000060', '004');
INSERT INTO group_7.appointment( id, appointment_date, description, start_time, end_time, results, appointment_type, appointment_cost, follow_up_of, patient_id, room_number ) VALUES ( 'A000000034', '2025-01-12', 'Annual vaccination', '12:00:00', '12:20:00', null, 'Vaccine', 40, null, '00000061', '005');
INSERT INTO group_7.appointment( id, appointment_date, description, start_time, end_time, results, appointment_type, appointment_cost, follow_up_of, patient_id, room_number ) VALUES ( 'A000000035', '2025-01-13', 'General health consultation', '09:00:00', '09:30:00', null, 'Consultation', 70, null, '00000062', '011');
INSERT INTO group_7.appointment( id, appointment_date, description, start_time, end_time, results, appointment_type, appointment_cost, follow_up_of, patient_id, room_number ) VALUES ( 'A000000036', '2025-01-13', 'Dermatitis follow-up', '10:00:00', '10:25:00', null, 'Follow-up', 45, 'A000000031', '00000063', '012');
INSERT INTO group_7.appointment( id, appointment_date, description, start_time, end_time, results, appointment_type, appointment_cost, follow_up_of, patient_id, room_number ) VALUES ( 'A000000037', '2025-01-13', 'Digestive issue review', '11:00:00', '11:30:00', null, 'Consultation', 80, 'A000000032', '00000064', '013');
INSERT INTO group_7.appointment( id, appointment_date, description, start_time, end_time, results, appointment_type, appointment_cost, follow_up_of, patient_id, room_number ) VALUES ( 'A000000038', '2025-01-13', 'Weight check', '12:00:00', '12:20:00', null, 'Checkup', 50, null, '00000065', '014');
INSERT INTO group_7.appointment( id, appointment_date, description, start_time, end_time, results, appointment_type, appointment_cost, follow_up_of, patient_id, room_number ) VALUES ( 'A000000039', '2025-01-14', 'Booster vaccination', '09:00:00', '09:20:00', null, 'Vaccine', 40, null, '00000066', '015');
INSERT INTO group_7.appointment( id, appointment_date, description, start_time, end_time, results, appointment_type, appointment_cost, follow_up_of, patient_id, room_number ) VALUES ( 'A000000040', '2025-01-14', 'General consultation', '10:00:00', '10:30:00', null, 'Consultation', 70, null, '00000067', '001');
INSERT INTO group_7.appointment( id, appointment_date, description, start_time, end_time, results, appointment_type, appointment_cost, follow_up_of, patient_id, room_number ) VALUES ( 'A000000041', '2025-01-14', 'Skin follow-up', '11:00:00', '11:20:00', null, 'Follow-up', 40, 'A000000036', '00000068', '002');
INSERT INTO group_7.appointment( id, appointment_date, description, start_time, end_time, results, appointment_type, appointment_cost, follow_up_of, patient_id, room_number ) VALUES ( 'A000000042', '2025-01-14', 'Digestive problems', '12:00:00', '12:30:00', null, 'Consultation', 80, null, '00000069', '003');
INSERT INTO group_7.appointment( id, appointment_date, description, start_time, end_time, results, appointment_type, appointment_cost, follow_up_of, patient_id, room_number ) VALUES ( 'A000000043', '2025-01-15', 'Routine exam', '09:00:00', '09:20:00', null, 'Checkup', 50, null, '00000070', '004');
INSERT INTO group_7.appointment( id, appointment_date, description, start_time, end_time, results, appointment_type, appointment_cost, follow_up_of, patient_id, room_number ) VALUES ( 'A000000044', '2025-01-15', 'Puppy vaccination', '10:00:00', '10:20:00', null, 'Vaccine', 40, null, '00000071', '005');
INSERT INTO group_7.appointment( id, appointment_date, description, start_time, end_time, results, appointment_type, appointment_cost, follow_up_of, patient_id, room_number ) VALUES ( 'A000000045', '2025-01-15', 'General check', '11:00:00', '11:30:00', null, 'Consultation', 70, null, '00000072', '011');
INSERT INTO group_7.appointment( id, appointment_date, description, start_time, end_time, results, appointment_type, appointment_cost, follow_up_of, patient_id, room_number ) VALUES ( 'A000000046', '2025-01-15', 'Skin infection', '12:00:00', '12:30:00', null, 'Consultation', 75, null, '00000073', '012');
INSERT INTO group_7.appointment( id, appointment_date, description, start_time, end_time, results, appointment_type, appointment_cost, follow_up_of, patient_id, room_number ) VALUES ( 'A000000047', '2025-01-16', 'Stomach upset', '09:00:00', '09:30:00', null, 'Consultation', 80, null, '00000074', '013');
INSERT INTO group_7.appointment( id, appointment_date, description, start_time, end_time, results, appointment_type, appointment_cost, follow_up_of, patient_id, room_number ) VALUES ( 'A000000048', '2025-01-16', 'Adult wellness exam', '10:00:00', '10:25:00', null, 'Checkup', 50, null, '00000075', '014');
INSERT INTO group_7.appointment( id, appointment_date, description, start_time, end_time, results, appointment_type, appointment_cost, follow_up_of, patient_id, room_number ) VALUES ( 'A000000049', '2025-01-16', 'Routine vaccination', '11:00:00', '11:20:00', null, 'Vaccine', 40, null, '00000076', '015');
INSERT INTO group_7.appointment( id, appointment_date, description, start_time, end_time, results, appointment_type, appointment_cost, follow_up_of, patient_id, room_number ) VALUES ( 'A000000050', '2025-01-16', 'Follow-up general exam', '12:00:00', '12:25:00', null, 'Follow-up', 45, 'A000000045', '00000077', '001');
INSERT INTO group_7.appointment( id, appointment_date, description, start_time, end_time, results, appointment_type, appointment_cost, follow_up_of, patient_id, room_number ) VALUES ( 'A000000051', '2025-01-17', 'Skin irritation', '09:00:00', '09:30:00', null, 'Consultation', 75, null, '00000078', '002');
INSERT INTO group_7.appointment( id, appointment_date, description, start_time, end_time, results, appointment_type, appointment_cost, follow_up_of, patient_id, room_number ) VALUES ( 'A000000052', '2025-01-17', 'Digestive symptoms', '10:00:00', '10:30:00', null, 'Consultation', 80, null, '00000079', '003');
INSERT INTO group_7.appointment( id, appointment_date, description, start_time, end_time, results, appointment_type, appointment_cost, follow_up_of, patient_id, room_number ) VALUES ( 'A000000053', '2025-01-17', 'Senior check-up', '11:00:00', '11:30:00', null, 'Checkup', 50, null, '00000080', '004');
INSERT INTO group_7.appointment( id, appointment_date, description, start_time, end_time, results, appointment_type, appointment_cost, follow_up_of, patient_id, room_number ) VALUES ( 'A000000054', '2025-01-17', 'Vaccine appointment', '12:00:00', '12:20:00', null, 'Vaccine', 40, null, '00000081', '005');
INSERT INTO group_7.appointment( id, appointment_date, description, start_time, end_time, results, appointment_type, appointment_cost, follow_up_of, patient_id, room_number ) VALUES ( 'A000000055', '2025-01-18', 'General consultation', '09:00:00', '09:30:00', null, 'Consultation', 70, null, '00000082', '011');
INSERT INTO group_7.appointment( id, appointment_date, description, start_time, end_time, results, appointment_type, appointment_cost, follow_up_of, patient_id, room_number ) VALUES ( 'A000000056', '2025-01-18', 'Skin inflammation follow-up', '10:00:00', '10:25:00', null, 'Follow-up', 40, 'A000000051', '00000083', '012');
INSERT INTO group_7.appointment( id, appointment_date, description, start_time, end_time, results, appointment_type, appointment_cost, follow_up_of, patient_id, room_number ) VALUES ( 'A000000057', '2025-01-18', 'Digestive issues', '11:00:00', '11:30:00', null, 'Consultation', 80, null, '00000084', '013');
INSERT INTO group_7.appointment( id, appointment_date, description, start_time, end_time, results, appointment_type, appointment_cost, follow_up_of, patient_id, room_number ) VALUES ( 'A000000058', '2025-01-18', 'Healthy pet exam', '12:00:00', '12:20:00', null, 'Checkup', 50, null, '00000085', '014');
INSERT INTO group_7.appointment( id, appointment_date, description, start_time, end_time, results, appointment_type, appointment_cost, follow_up_of, patient_id, room_number ) VALUES ( 'A000000059', '2025-01-19', 'Vaccination booster', '09:00:00', '09:20:00', null, 'Vaccine', 40, null, '00000086', '015');
INSERT INTO group_7.appointment( id, appointment_date, description, start_time, end_time, results, appointment_type, appointment_cost, follow_up_of, patient_id, room_number ) VALUES ( 'A000000060', '2025-01-19', 'General consultation', '10:00:00', '10:30:00', null, 'Consultation', 70, null, '00000087', '001');
INSERT INTO group_7.appointment( id, appointment_date, description, start_time, end_time, results, appointment_type, appointment_cost, follow_up_of, patient_id, room_number ) VALUES ( 'A000000061', '2025-01-19', 'Skin irritation', '11:00:00', '11:30:00', null, 'Consultation', 75, null, '00000088', '002');
INSERT INTO group_7.appointment( id, appointment_date, description, start_time, end_time, results, appointment_type, appointment_cost, follow_up_of, patient_id, room_number ) VALUES ( 'A000000062', '2025-01-19', 'Digestive evaluation', '12:00:00', '12:30:00', null, 'Consultation', 80, null, '00000089', '003');
INSERT INTO group_7.appointment( id, appointment_date, description, start_time, end_time, results, appointment_type, appointment_cost, follow_up_of, patient_id, room_number ) VALUES ( 'A000000063', '2025-01-20', 'Check-up', '09:00:00', '09:20:00', null, 'Checkup', 50, null, '00000090', '004');
INSERT INTO group_7.appointment( id, appointment_date, description, start_time, end_time, results, appointment_type, appointment_cost, follow_up_of, patient_id, room_number ) VALUES ( 'A000000064', '2025-01-20', 'Vaccination', '10:00:00', '10:20:00', null, 'Vaccine', 40, null, '00000091', '005');
INSERT INTO group_7.appointment( id, appointment_date, description, start_time, end_time, results, appointment_type, appointment_cost, follow_up_of, patient_id, room_number ) VALUES ( 'A000000065', '2025-01-20', 'General consultation', '11:00:00', '11:30:00', null, 'Consultation', 70, null, '00000092', '011');
INSERT INTO group_7.appointment( id, appointment_date, description, start_time, end_time, results, appointment_type, appointment_cost, follow_up_of, patient_id, room_number ) VALUES ( 'A000000066', '2025-01-20', 'Skin assessment', '12:00:00', '12:30:00', null, 'Consultation', 75, null, '00000093', '012');
INSERT INTO group_7.appointment( id, appointment_date, description, start_time, end_time, results, appointment_type, appointment_cost, follow_up_of, patient_id, room_number ) VALUES ( 'A000000067', '2025-01-21', 'Digestive concerns', '09:00:00', '09:30:00', null, 'Consultation', 80, null, '00000094', '013');
INSERT INTO group_7.appointment( id, appointment_date, description, start_time, end_time, results, appointment_type, appointment_cost, follow_up_of, patient_id, room_number ) VALUES ( 'A000000068', '2025-01-21', 'Healthy exam', '10:00:00', '10:25:00', null, 'Checkup', 50, null, '00000095', '014');
INSERT INTO group_7.appointment( id, appointment_date, description, start_time, end_time, results, appointment_type, appointment_cost, follow_up_of, patient_id, room_number ) VALUES ( 'A000000069', '2025-01-21', 'Routine vaccine', '11:00:00', '11:20:00', null, 'Vaccine', 40, null, '00000096', '015');
INSERT INTO group_7.appointment( id, appointment_date, description, start_time, end_time, results, appointment_type, appointment_cost, follow_up_of, patient_id, room_number ) VALUES ( 'A000000070', '2025-01-21', 'General health review', '12:00:00', '12:25:00', null, 'Consultation', 70, 'A000000065', '00000097', '001');
INSERT INTO group_7.appointment( id, appointment_date, description, start_time, end_time, results, appointment_type, appointment_cost, follow_up_of, patient_id, room_number ) VALUES ( 'A000000071', '2025-01-22', 'General health consultation', '09:00:00', '09:30:00', null, 'Consultation', 75, null, '00000001', '001');
INSERT INTO group_7.appointment( id, appointment_date, description, start_time, end_time, results, appointment_type, appointment_cost, follow_up_of, patient_id, room_number ) VALUES ( 'A000000072', '2025-01-22', 'Routine health check', '10:00:00', '10:25:00', null, 'Checkup', 50, null, '00000002', '002');
INSERT INTO group_7.appointment( id, appointment_date, description, start_time, end_time, results, appointment_type, appointment_cost, follow_up_of, patient_id, room_number ) VALUES ( 'A000000073', '2025-01-22', 'Scheduled vaccination', '11:00:00', '11:20:00', null, 'Vaccine', 40, null, '00000003', '003');
INSERT INTO group_7.appointment( id, appointment_date, description, start_time, end_time, results, appointment_type, appointment_cost, follow_up_of, patient_id, room_number ) VALUES ( 'A000000074', '2025-01-22', 'Follow-up health review', '12:00:00', '12:30:00', null, 'Consultation', 70, null, '00000004', '004');
INSERT INTO group_7.appointment( id, appointment_date, description, start_time, end_time, results, appointment_type, appointment_cost, follow_up_of, patient_id, room_number ) VALUES ( 'A000000075', '2025-01-23', 'General health consultation', '09:00:00', '09:30:00', null, 'Consultation', 75, null, '00000005', '005');
INSERT INTO group_7.appointment( id, appointment_date, description, start_time, end_time, results, appointment_type, appointment_cost, follow_up_of, patient_id, room_number ) VALUES ( 'A000000076', '2025-01-23', 'Routine health check', '10:00:00', '10:25:00', null, 'Checkup', 50, null, '00000006', '011');
INSERT INTO group_7.appointment( id, appointment_date, description, start_time, end_time, results, appointment_type, appointment_cost, follow_up_of, patient_id, room_number ) VALUES ( 'A000000077', '2025-01-23', 'Scheduled vaccination', '11:00:00', '11:20:00', null, 'Vaccine', 40, null, '00000007', '012');
INSERT INTO group_7.appointment( id, appointment_date, description, start_time, end_time, results, appointment_type, appointment_cost, follow_up_of, patient_id, room_number ) VALUES ( 'A000000078', '2025-01-23', 'Follow-up health review', '12:00:00', '12:30:00', null, 'Consultation', 70, 'A000000073', '00000008', '013');
INSERT INTO group_7.appointment( id, appointment_date, description, start_time, end_time, results, appointment_type, appointment_cost, follow_up_of, patient_id, room_number ) VALUES ( 'A000000079', '2025-01-24', 'General health consultation', '09:00:00', '09:30:00', null, 'Consultation', 75, null, '00000009', '014');
INSERT INTO group_7.appointment( id, appointment_date, description, start_time, end_time, results, appointment_type, appointment_cost, follow_up_of, patient_id, room_number ) VALUES ( 'A000000080', '2025-01-24', 'Routine health check', '10:00:00', '10:25:00', null, 'Checkup', 50, null, '00000010', '015');
INSERT INTO group_7.appointment( id, appointment_date, description, start_time, end_time, results, appointment_type, appointment_cost, follow_up_of, patient_id, room_number ) VALUES ( 'A000000081', '2025-01-24', 'Scheduled vaccination', '11:00:00', '11:20:00', null, 'Vaccine', 40, null, '00000011', '001');
INSERT INTO group_7.appointment( id, appointment_date, description, start_time, end_time, results, appointment_type, appointment_cost, follow_up_of, patient_id, room_number ) VALUES ( 'A000000082', '2025-01-24', 'Follow-up health review', '12:00:00', '12:30:00', null, 'Consultation', 70, null, '00000012', '002');
INSERT INTO group_7.appointment( id, appointment_date, description, start_time, end_time, results, appointment_type, appointment_cost, follow_up_of, patient_id, room_number ) VALUES ( 'A000000083', '2025-01-25', 'General health consultation', '09:00:00', '09:30:00', null, 'Consultation', 75, null, '00000013', '003');
INSERT INTO group_7.appointment( id, appointment_date, description, start_time, end_time, results, appointment_type, appointment_cost, follow_up_of, patient_id, room_number ) VALUES ( 'A000000084', '2025-01-25', 'Routine health check', '10:00:00', '10:25:00', null, 'Checkup', 50, null, '00000014', '004');
INSERT INTO group_7.appointment( id, appointment_date, description, start_time, end_time, results, appointment_type, appointment_cost, follow_up_of, patient_id, room_number ) VALUES ( 'A000000085', '2025-01-25', 'Scheduled vaccination', '11:00:00', '11:20:00', null, 'Vaccine', 40, null, '00000015', '005');
INSERT INTO group_7.appointment( id, appointment_date, description, start_time, end_time, results, appointment_type, appointment_cost, follow_up_of, patient_id, room_number ) VALUES ( 'A000000086', '2025-01-25', 'Follow-up health review', '12:00:00', '12:30:00', null, 'Consultation', 70, 'A000000083', '00000016', '011');
INSERT INTO group_7.appointment( id, appointment_date, description, start_time, end_time, results, appointment_type, appointment_cost, follow_up_of, patient_id, room_number ) VALUES ( 'A000000087', '2025-01-26', 'General health consultation', '09:00:00', '09:30:00', null, 'Consultation', 75, null, '00000017', '012');
INSERT INTO group_7.appointment( id, appointment_date, description, start_time, end_time, results, appointment_type, appointment_cost, follow_up_of, patient_id, room_number ) VALUES ( 'A000000088', '2025-01-26', 'Routine health check', '10:00:00', '10:25:00', null, 'Checkup', 50, null, '00000018', '013');
INSERT INTO group_7.appointment( id, appointment_date, description, start_time, end_time, results, appointment_type, appointment_cost, follow_up_of, patient_id, room_number ) VALUES ( 'A000000089', '2025-01-26', 'Scheduled vaccination', '11:00:00', '11:20:00', null, 'Vaccine', 40, null, '00000019', '014');
INSERT INTO group_7.appointment( id, appointment_date, description, start_time, end_time, results, appointment_type, appointment_cost, follow_up_of, patient_id, room_number ) VALUES ( 'A000000090', '2025-01-26', 'Follow-up health review', '12:00:00', '12:30:00', null, 'Consultation', 70, null, '00000020', '015');
INSERT INTO group_7.appointment( id, appointment_date, description, start_time, end_time, results, appointment_type, appointment_cost, follow_up_of, patient_id, room_number ) VALUES ( 'A000000091', '2025-01-27', 'General health consultation', '09:00:00', '09:30:00', null, 'Consultation', 75, null, '00000021', '001');
INSERT INTO group_7.appointment( id, appointment_date, description, start_time, end_time, results, appointment_type, appointment_cost, follow_up_of, patient_id, room_number ) VALUES ( 'A000000092', '2025-01-27', 'Routine health check', '10:00:00', '10:25:00', null, 'Checkup', 50, null, '00000022', '002');
INSERT INTO group_7.appointment( id, appointment_date, description, start_time, end_time, results, appointment_type, appointment_cost, follow_up_of, patient_id, room_number ) VALUES ( 'A000000093', '2025-01-27', 'Scheduled vaccination', '11:00:00', '11:20:00', null, 'Vaccine', 40, null, '00000023', '003');
INSERT INTO group_7.appointment( id, appointment_date, description, start_time, end_time, results, appointment_type, appointment_cost, follow_up_of, patient_id, room_number ) VALUES ( 'A000000094', '2025-01-27', 'Follow-up health review', '12:00:00', '12:30:00', null, 'Consultation', 70, 'A000000091', '00000024', '004');
INSERT INTO group_7.appointment( id, appointment_date, description, start_time, end_time, results, appointment_type, appointment_cost, follow_up_of, patient_id, room_number ) VALUES ( 'A000000095', '2025-01-28', 'General health consultation', '09:00:00', '09:30:00', null, 'Consultation', 75, null, '00000025', '005');
INSERT INTO group_7.appointment( id, appointment_date, description, start_time, end_time, results, appointment_type, appointment_cost, follow_up_of, patient_id, room_number ) VALUES ( 'A000000096', '2025-01-28', 'Routine health check', '10:00:00', '10:25:00', null, 'Checkup', 50, null, '00000026', '011');
INSERT INTO group_7.appointment( id, appointment_date, description, start_time, end_time, results, appointment_type, appointment_cost, follow_up_of, patient_id, room_number ) VALUES ( 'A000000097', '2025-01-28', 'Scheduled vaccination', '11:00:00', '11:20:00', null, 'Vaccine', 40, null, '00000027', '012');
INSERT INTO group_7.appointment( id, appointment_date, description, start_time, end_time, results, appointment_type, appointment_cost, follow_up_of, patient_id, room_number ) VALUES ( 'A000000098', '2025-01-28', 'Follow-up health review', '12:00:00', '12:30:00', null, 'Consultation', 70, null, '00000028', '013');
INSERT INTO group_7.appointment( id, appointment_date, description, start_time, end_time, results, appointment_type, appointment_cost, follow_up_of, patient_id, room_number ) VALUES ( 'A000000099', '2025-01-29', 'General health consultation', '09:00:00', '09:30:00', null, 'Consultation', 75, null, '00000029', '014');
INSERT INTO group_7.appointment( id, appointment_date, description, start_time, end_time, results, appointment_type, appointment_cost, follow_up_of, patient_id, room_number ) VALUES ( 'A000000100', '2025-01-29', 'Routine health check', '10:00:00', '10:25:00', null, 'Checkup', 50, null, '00000030', '015');
INSERT INTO group_7.appointment( id, appointment_date, description, start_time, end_time, results, appointment_type, appointment_cost, follow_up_of, patient_id, room_number ) VALUES ( 'A000000101', '2025-01-29', 'Scheduled vaccination', '11:00:00', '11:20:00', null, 'Vaccine', 40, null, '00000031', '001');
INSERT INTO group_7.appointment( id, appointment_date, description, start_time, end_time, results, appointment_type, appointment_cost, follow_up_of, patient_id, room_number ) VALUES ( 'A000000102', '2025-01-29', 'Follow-up health review', '12:00:00', '12:30:00', null, 'Consultation', 70, 'A000000099', '00000032', '002');
INSERT INTO group_7.appointment( id, appointment_date, description, start_time, end_time, results, appointment_type, appointment_cost, follow_up_of, patient_id, room_number ) VALUES ( 'A000000103', '2025-01-30', 'General health consultation', '09:00:00', '09:30:00', null, 'Consultation', 75, null, '00000033', '003');
INSERT INTO group_7.appointment( id, appointment_date, description, start_time, end_time, results, appointment_type, appointment_cost, follow_up_of, patient_id, room_number ) VALUES ( 'A000000104', '2025-01-30', 'Routine health check', '10:00:00', '10:25:00', null, 'Checkup', 50, null, '00000034', '004');
INSERT INTO group_7.appointment( id, appointment_date, description, start_time, end_time, results, appointment_type, appointment_cost, follow_up_of, patient_id, room_number ) VALUES ( 'A000000105', '2025-01-30', 'Scheduled vaccination', '11:00:00', '11:20:00', null, 'Vaccine', 40, null, '00000035', '005');
INSERT INTO group_7.appointment( id, appointment_date, description, start_time, end_time, results, appointment_type, appointment_cost, follow_up_of, patient_id, room_number ) VALUES ( 'A000000106', '2025-01-30', 'Follow-up health review', '12:00:00', '12:30:00', null, 'Consultation', 70, null, '00000036', '011');
INSERT INTO group_7.appointment( id, appointment_date, description, start_time, end_time, results, appointment_type, appointment_cost, follow_up_of, patient_id, room_number ) VALUES ( 'A000000107', '2025-01-31', 'General health consultation', '09:00:00', '09:30:00', null, 'Consultation', 75, null, '00000037', '012');
INSERT INTO group_7.appointment( id, appointment_date, description, start_time, end_time, results, appointment_type, appointment_cost, follow_up_of, patient_id, room_number ) VALUES ( 'A000000108', '2025-01-31', 'Routine health check', '10:00:00', '10:25:00', null, 'Checkup', 50, null, '00000038', '013');
INSERT INTO group_7.appointment( id, appointment_date, description, start_time, end_time, results, appointment_type, appointment_cost, follow_up_of, patient_id, room_number ) VALUES ( 'A000000109', '2025-01-31', 'Scheduled vaccination', '11:00:00', '11:20:00', null, 'Vaccine', 40, null, '00000039', '014');
INSERT INTO group_7.appointment( id, appointment_date, description, start_time, end_time, results, appointment_type, appointment_cost, follow_up_of, patient_id, room_number ) VALUES ( 'A000000110', '2025-01-31', 'Follow-up health review', '12:00:00', '12:30:00', null, 'Consultation', 70, 'A000000107', '00000040', '015');
INSERT INTO group_7.appointment( id, appointment_date, description, start_time, end_time, results, appointment_type, appointment_cost, follow_up_of, patient_id, room_number ) VALUES ( 'A000000111', '2025-02-01', 'General health consultation', '09:00:00', '09:30:00', null, 'Consultation', 75, null, '00000041', '001');
INSERT INTO group_7.appointment( id, appointment_date, description, start_time, end_time, results, appointment_type, appointment_cost, follow_up_of, patient_id, room_number ) VALUES ( 'A000000112', '2025-02-01', 'Routine health check', '10:00:00', '10:25:00', null, 'Checkup', 50, null, '00000042', '002');
INSERT INTO group_7.appointment( id, appointment_date, description, start_time, end_time, results, appointment_type, appointment_cost, follow_up_of, patient_id, room_number ) VALUES ( 'A000000113', '2025-02-01', 'Scheduled vaccination', '11:00:00', '11:20:00', null, 'Vaccine', 40, null, '00000043', '003');
INSERT INTO group_7.appointment( id, appointment_date, description, start_time, end_time, results, appointment_type, appointment_cost, follow_up_of, patient_id, room_number ) VALUES ( 'A000000114', '2025-02-01', 'Follow-up health review', '12:00:00', '12:30:00', null, 'Consultation', 70, null, '00000044', '004');
INSERT INTO group_7.appointment( id, appointment_date, description, start_time, end_time, results, appointment_type, appointment_cost, follow_up_of, patient_id, room_number ) VALUES ( 'A000000115', '2025-02-02', 'General health consultation', '09:00:00', '09:30:00', null, 'Consultation', 75, null, '00000045', '005');
INSERT INTO group_7.appointment( id, appointment_date, description, start_time, end_time, results, appointment_type, appointment_cost, follow_up_of, patient_id, room_number ) VALUES ( 'A000000116', '2025-02-02', 'Routine health check', '10:00:00', '10:25:00', null, 'Checkup', 50, null, '00000046', '011');
INSERT INTO group_7.appointment( id, appointment_date, description, start_time, end_time, results, appointment_type, appointment_cost, follow_up_of, patient_id, room_number ) VALUES ( 'A000000117', '2025-02-02', 'Scheduled vaccination', '11:00:00', '11:20:00', null, 'Vaccine', 40, null, '00000047', '012');
INSERT INTO group_7.appointment( id, appointment_date, description, start_time, end_time, results, appointment_type, appointment_cost, follow_up_of, patient_id, room_number ) VALUES ( 'A000000118', '2025-02-02', 'Follow-up health review', '12:00:00', '12:30:00', null, 'Consultation', 70, 'A000000115', '00000048', '013');
INSERT INTO group_7.appointment( id, appointment_date, description, start_time, end_time, results, appointment_type, appointment_cost, follow_up_of, patient_id, room_number ) VALUES ( 'A000000119', '2025-02-03', 'General health consultation', '09:00:00', '09:30:00', null, 'Consultation', 75, null, '00000049', '014');
INSERT INTO group_7.appointment( id, appointment_date, description, start_time, end_time, results, appointment_type, appointment_cost, follow_up_of, patient_id, room_number ) VALUES ( 'A000000120', '2025-02-03', 'Routine health check', '10:00:00', '10:25:00', null, 'Checkup', 50, null, '00000050', '015');
INSERT INTO group_7.appointment( id, appointment_date, description, start_time, end_time, results, appointment_type, appointment_cost, follow_up_of, patient_id, room_number ) VALUES ( 'A000000121', '2025-02-03', 'Scheduled vaccination', '11:00:00', '11:20:00', null, 'Vaccine', 40, null, '00000051', '001');
INSERT INTO group_7.appointment( id, appointment_date, description, start_time, end_time, results, appointment_type, appointment_cost, follow_up_of, patient_id, room_number ) VALUES ( 'A000000122', '2025-02-03', 'Follow-up health review', '12:00:00', '12:30:00', null, 'Consultation', 70, null, '00000052', '002');
INSERT INTO group_7.appointment( id, appointment_date, description, start_time, end_time, results, appointment_type, appointment_cost, follow_up_of, patient_id, room_number ) VALUES ( 'A000000123', '2025-02-04', 'General health consultation', '09:00:00', '09:30:00', null, 'Consultation', 75, null, '00000053', '003');
INSERT INTO group_7.appointment( id, appointment_date, description, start_time, end_time, results, appointment_type, appointment_cost, follow_up_of, patient_id, room_number ) VALUES ( 'A000000124', '2025-02-04', 'Routine health check', '10:00:00', '10:25:00', null, 'Checkup', 50, null, '00000054', '004');
INSERT INTO group_7.appointment( id, appointment_date, description, start_time, end_time, results, appointment_type, appointment_cost, follow_up_of, patient_id, room_number ) VALUES ( 'A000000125', '2025-02-04', 'Scheduled vaccination', '11:00:00', '11:20:00', null, 'Vaccine', 40, null, '00000055', '005');
INSERT INTO group_7.appointment( id, appointment_date, description, start_time, end_time, results, appointment_type, appointment_cost, follow_up_of, patient_id, room_number ) VALUES ( 'A000000126', '2025-02-04', 'Follow-up health review', '12:00:00', '12:30:00', null, 'Consultation', 70, 'A000000123', '00000056', '011');
INSERT INTO group_7.appointment( id, appointment_date, description, start_time, end_time, results, appointment_type, appointment_cost, follow_up_of, patient_id, room_number ) VALUES ( 'A000000127', '2025-02-05', 'General health consultation', '09:00:00', '09:30:00', null, 'Consultation', 75, null, '00000057', '012');
INSERT INTO group_7.appointment( id, appointment_date, description, start_time, end_time, results, appointment_type, appointment_cost, follow_up_of, patient_id, room_number ) VALUES ( 'A000000128', '2025-02-05', 'Routine health check', '10:00:00', '10:25:00', null, 'Checkup', 50, null, '00000058', '013');
INSERT INTO group_7.appointment( id, appointment_date, description, start_time, end_time, results, appointment_type, appointment_cost, follow_up_of, patient_id, room_number ) VALUES ( 'A000000129', '2025-02-05', 'Scheduled vaccination', '11:00:00', '11:20:00', null, 'Vaccine', 40, null, '00000059', '014');
INSERT INTO group_7.appointment( id, appointment_date, description, start_time, end_time, results, appointment_type, appointment_cost, follow_up_of, patient_id, room_number ) VALUES ( 'A000000130', '2025-02-05', 'Follow-up health review', '12:00:00', '12:30:00', null, 'Consultation', 70, null, '00000060', '015');
INSERT INTO group_7.appointment( id, appointment_date, description, start_time, end_time, results, appointment_type, appointment_cost, follow_up_of, patient_id, room_number ) VALUES ( 'A000000131', '2025-02-06', 'General health consultation', '09:00:00', '09:30:00', null, 'Consultation', 75, null, '00000061', '001');
INSERT INTO group_7.appointment( id, appointment_date, description, start_time, end_time, results, appointment_type, appointment_cost, follow_up_of, patient_id, room_number ) VALUES ( 'A000000132', '2025-02-06', 'Routine health check', '10:00:00', '10:25:00', null, 'Checkup', 50, null, '00000062', '002');
INSERT INTO group_7.appointment( id, appointment_date, description, start_time, end_time, results, appointment_type, appointment_cost, follow_up_of, patient_id, room_number ) VALUES ( 'A000000133', '2025-02-06', 'Scheduled vaccination', '11:00:00', '11:20:00', null, 'Vaccine', 40, null, '00000063', '003');
INSERT INTO group_7.appointment( id, appointment_date, description, start_time, end_time, results, appointment_type, appointment_cost, follow_up_of, patient_id, room_number ) VALUES ( 'A000000134', '2025-02-06', 'Follow-up health review', '12:00:00', '12:30:00', null, 'Consultation', 70, 'A000000131', '00000064', '004');
INSERT INTO group_7.appointment( id, appointment_date, description, start_time, end_time, results, appointment_type, appointment_cost, follow_up_of, patient_id, room_number ) VALUES ( 'A000000135', '2025-02-07', 'General health consultation', '09:00:00', '09:30:00', null, 'Consultation', 75, null, '00000065', '005');
INSERT INTO group_7.appointment( id, appointment_date, description, start_time, end_time, results, appointment_type, appointment_cost, follow_up_of, patient_id, room_number ) VALUES ( 'A000000136', '2025-02-07', 'Routine health check', '10:00:00', '10:25:00', null, 'Checkup', 50, null, '00000066', '011');
INSERT INTO group_7.appointment( id, appointment_date, description, start_time, end_time, results, appointment_type, appointment_cost, follow_up_of, patient_id, room_number ) VALUES ( 'A000000137', '2025-02-07', 'Scheduled vaccination', '11:00:00', '11:20:00', null, 'Vaccine', 40, null, '00000067', '012');
INSERT INTO group_7.appointment( id, appointment_date, description, start_time, end_time, results, appointment_type, appointment_cost, follow_up_of, patient_id, room_number ) VALUES ( 'A000000138', '2025-02-07', 'Follow-up health review', '12:00:00', '12:30:00', null, 'Consultation', 70, null, '00000068', '013');
INSERT INTO group_7.appointment( id, appointment_date, description, start_time, end_time, results, appointment_type, appointment_cost, follow_up_of, patient_id, room_number ) VALUES ( 'A000000139', '2025-02-08', 'General health consultation', '09:00:00', '09:30:00', null, 'Consultation', 75, null, '00000069', '014');
INSERT INTO group_7.appointment( id, appointment_date, description, start_time, end_time, results, appointment_type, appointment_cost, follow_up_of, patient_id, room_number ) VALUES ( 'A000000140', '2025-02-08', 'Routine health check', '10:00:00', '10:25:00', null, 'Checkup', 50, null, '00000070', '015');
INSERT INTO group_7.appointment( id, appointment_date, description, start_time, end_time, results, appointment_type, appointment_cost, follow_up_of, patient_id, room_number ) VALUES ( 'A000000141', '2025-02-08', 'Scheduled vaccination', '11:00:00', '11:20:00', null, 'Vaccine', 40, null, '00000071', '001');
INSERT INTO group_7.appointment( id, appointment_date, description, start_time, end_time, results, appointment_type, appointment_cost, follow_up_of, patient_id, room_number ) VALUES ( 'A000000142', '2025-02-08', 'Follow-up health review', '12:00:00', '12:30:00', null, 'Consultation', 70, 'A000000139', '00000072', '002');
INSERT INTO group_7.appointment( id, appointment_date, description, start_time, end_time, results, appointment_type, appointment_cost, follow_up_of, patient_id, room_number ) VALUES ( 'A000000143', '2025-02-09', 'General health consultation', '09:00:00', '09:30:00', null, 'Consultation', 75, null, '00000073', '003');
INSERT INTO group_7.appointment( id, appointment_date, description, start_time, end_time, results, appointment_type, appointment_cost, follow_up_of, patient_id, room_number ) VALUES ( 'A000000144', '2025-02-09', 'Routine health check', '10:00:00', '10:25:00', null, 'Checkup', 50, null, '00000074', '004');
INSERT INTO group_7.appointment( id, appointment_date, description, start_time, end_time, results, appointment_type, appointment_cost, follow_up_of, patient_id, room_number ) VALUES ( 'A000000145', '2025-02-09', 'Scheduled vaccination', '11:00:00', '11:20:00', null, 'Vaccine', 40, null, '00000075', '005');
INSERT INTO group_7.appointment( id, appointment_date, description, start_time, end_time, results, appointment_type, appointment_cost, follow_up_of, patient_id, room_number ) VALUES ( 'A000000146', '2025-02-09', 'Follow-up health review', '12:00:00', '12:30:00', null, 'Consultation', 70, null, '00000076', '011');
INSERT INTO group_7.appointment( id, appointment_date, description, start_time, end_time, results, appointment_type, appointment_cost, follow_up_of, patient_id, room_number ) VALUES ( 'A000000147', '2025-02-10', 'General health consultation', '09:00:00', '09:30:00', null, 'Consultation', 75, null, '00000077', '012');
INSERT INTO group_7.appointment( id, appointment_date, description, start_time, end_time, results, appointment_type, appointment_cost, follow_up_of, patient_id, room_number ) VALUES ( 'A000000148', '2025-02-10', 'Routine health check', '10:00:00', '10:25:00', null, 'Checkup', 50, null, '00000078', '013');
INSERT INTO group_7.appointment( id, appointment_date, description, start_time, end_time, results, appointment_type, appointment_cost, follow_up_of, patient_id, room_number ) VALUES ( 'A000000149', '2025-02-10', 'Scheduled vaccination', '11:00:00', '11:20:00', null, 'Vaccine', 40, null, '00000079', '014');
INSERT INTO group_7.appointment( id, appointment_date, description, start_time, end_time, results, appointment_type, appointment_cost, follow_up_of, patient_id, room_number ) VALUES ( 'A000000150', '2025-02-10', 'Follow-up health review', '12:00:00', '12:30:00', null, 'Consultation', 70, 'A000000147', '00000080', '015');
INSERT INTO group_7.appointment( id, appointment_date, description, start_time, end_time, results, appointment_type, appointment_cost, follow_up_of, patient_id, room_number ) VALUES ( 'A000000151', '2025-02-11', 'General health consultation', '09:00:00', '09:30:00', null, 'Consultation', 75, null, '00000081', '001');
INSERT INTO group_7.appointment( id, appointment_date, description, start_time, end_time, results, appointment_type, appointment_cost, follow_up_of, patient_id, room_number ) VALUES ( 'A000000152', '2025-02-11', 'Routine health check', '10:00:00', '10:25:00', null, 'Checkup', 50, null, '00000082', '002');
INSERT INTO group_7.appointment( id, appointment_date, description, start_time, end_time, results, appointment_type, appointment_cost, follow_up_of, patient_id, room_number ) VALUES ( 'A000000153', '2025-02-11', 'Scheduled vaccination', '11:00:00', '11:20:00', null, 'Vaccine', 40, null, '00000083', '003');
INSERT INTO group_7.appointment( id, appointment_date, description, start_time, end_time, results, appointment_type, appointment_cost, follow_up_of, patient_id, room_number ) VALUES ( 'A000000154', '2025-02-11', 'Follow-up health review', '12:00:00', '12:30:00', null, 'Consultation', 70, null, '00000084', '004');
INSERT INTO group_7.appointment( id, appointment_date, description, start_time, end_time, results, appointment_type, appointment_cost, follow_up_of, patient_id, room_number ) VALUES ( 'A000000155', '2025-02-12', 'General health consultation', '09:00:00', '09:30:00', null, 'Consultation', 75, null, '00000085', '005');
INSERT INTO group_7.appointment( id, appointment_date, description, start_time, end_time, results, appointment_type, appointment_cost, follow_up_of, patient_id, room_number ) VALUES ( 'A000000156', '2025-02-12', 'Routine health check', '10:00:00', '10:25:00', null, 'Checkup', 50, null, '00000086', '011');
INSERT INTO group_7.appointment( id, appointment_date, description, start_time, end_time, results, appointment_type, appointment_cost, follow_up_of, patient_id, room_number ) VALUES ( 'A000000157', '2025-02-12', 'Scheduled vaccination', '11:00:00', '11:20:00', null, 'Vaccine', 40, null, '00000087', '012');
INSERT INTO group_7.appointment( id, appointment_date, description, start_time, end_time, results, appointment_type, appointment_cost, follow_up_of, patient_id, room_number ) VALUES ( 'A000000158', '2025-02-12', 'Follow-up health review', '12:00:00', '12:30:00', null, 'Consultation', 70, 'A000000155', '00000088', '013');
INSERT INTO group_7.appointment( id, appointment_date, description, start_time, end_time, results, appointment_type, appointment_cost, follow_up_of, patient_id, room_number ) VALUES ( 'A000000159', '2025-02-13', 'General health consultation', '09:00:00', '09:30:00', null, 'Consultation', 75, null, '00000089', '014');
INSERT INTO group_7.appointment( id, appointment_date, description, start_time, end_time, results, appointment_type, appointment_cost, follow_up_of, patient_id, room_number ) VALUES ( 'A000000160', '2025-02-13', 'Routine health check', '10:00:00', '10:25:00', null, 'Checkup', 50, null, '00000090', '015');
INSERT INTO group_7.appointment( id, appointment_date, description, start_time, end_time, results, appointment_type, appointment_cost, follow_up_of, patient_id, room_number ) VALUES ( 'A000000161', '2025-02-13', 'Scheduled vaccination', '11:00:00', '11:20:00', null, 'Vaccine', 40, null, '00000091', '001');
INSERT INTO group_7.appointment( id, appointment_date, description, start_time, end_time, results, appointment_type, appointment_cost, follow_up_of, patient_id, room_number ) VALUES ( 'A000000162', '2025-02-13', 'Follow-up health review', '12:00:00', '12:30:00', null, 'Consultation', 70, null, '00000092', '002');
INSERT INTO group_7.appointment( id, appointment_date, description, start_time, end_time, results, appointment_type, appointment_cost, follow_up_of, patient_id, room_number ) VALUES ( 'A000000163', '2025-02-14', 'General health consultation', '09:00:00', '09:30:00', null, 'Consultation', 75, null, '00000093', '003');
INSERT INTO group_7.appointment( id, appointment_date, description, start_time, end_time, results, appointment_type, appointment_cost, follow_up_of, patient_id, room_number ) VALUES ( 'A000000164', '2025-02-14', 'Routine health check', '10:00:00', '10:25:00', null, 'Checkup', 50, null, '00000094', '004');
INSERT INTO group_7.appointment( id, appointment_date, description, start_time, end_time, results, appointment_type, appointment_cost, follow_up_of, patient_id, room_number ) VALUES ( 'A000000165', '2025-02-14', 'Scheduled vaccination', '11:00:00', '11:20:00', null, 'Vaccine', 40, null, '00000095', '005');
INSERT INTO group_7.appointment( id, appointment_date, description, start_time, end_time, results, appointment_type, appointment_cost, follow_up_of, patient_id, room_number ) VALUES ( 'A000000166', '2025-02-14', 'Follow-up health review', '12:00:00', '12:30:00', null, 'Consultation', 70, 'A000000163', '00000096', '011');
INSERT INTO group_7.appointment( id, appointment_date, description, start_time, end_time, results, appointment_type, appointment_cost, follow_up_of, patient_id, room_number ) VALUES ( 'A000000167', '2025-02-15', 'General health consultation', '09:00:00', '09:30:00', null, 'Consultation', 75, null, '00000097', '012');
INSERT INTO group_7.appointment( id, appointment_date, description, start_time, end_time, results, appointment_type, appointment_cost, follow_up_of, patient_id, room_number ) VALUES ( 'A000000168', '2025-02-15', 'Routine health check', '10:00:00', '10:25:00', null, 'Checkup', 50, null, '00000098', '013');
INSERT INTO group_7.appointment( id, appointment_date, description, start_time, end_time, results, appointment_type, appointment_cost, follow_up_of, patient_id, room_number ) VALUES ( 'A000000169', '2025-02-15', 'Scheduled vaccination', '11:00:00', '11:20:00', null, 'Vaccine', 40, null, '00000099', '014');
INSERT INTO group_7.appointment( id, appointment_date, description, start_time, end_time, results, appointment_type, appointment_cost, follow_up_of, patient_id, room_number ) VALUES ( 'A000000170', '2025-02-15', 'Follow-up health review', '12:00:00', '12:30:00', null, 'Consultation', 70, null, '00000100', '015');
INSERT INTO group_7.appointment( id, appointment_date, description, start_time, end_time, results, appointment_type, appointment_cost, follow_up_of, patient_id, room_number ) VALUES ( 'A000000171', '2025-02-16', 'General health consultation', '09:00:00', '09:30:00', null, 'Consultation', 75, null, '00000101', '001');
INSERT INTO group_7.appointment( id, appointment_date, description, start_time, end_time, results, appointment_type, appointment_cost, follow_up_of, patient_id, room_number ) VALUES ( 'A000000172', '2025-02-16', 'Routine health check', '10:00:00', '10:25:00', null, 'Checkup', 50, null, '00000102', '002');
INSERT INTO group_7.appointment( id, appointment_date, description, start_time, end_time, results, appointment_type, appointment_cost, follow_up_of, patient_id, room_number ) VALUES ( 'A000000173', '2025-02-16', 'Scheduled vaccination', '11:00:00', '11:20:00', null, 'Vaccine', 40, null, '00000103', '003');
INSERT INTO group_7.appointment( id, appointment_date, description, start_time, end_time, results, appointment_type, appointment_cost, follow_up_of, patient_id, room_number ) VALUES ( 'A000000174', '2025-02-16', 'Follow-up health review', '12:00:00', '12:30:00', null, 'Consultation', 70, 'A000000171', '00000104', '004');
INSERT INTO group_7.appointment( id, appointment_date, description, start_time, end_time, results, appointment_type, appointment_cost, follow_up_of, patient_id, room_number ) VALUES ( 'A000000175', '2025-02-17', 'General health consultation', '09:00:00', '09:30:00', null, 'Consultation', 75, null, '00000105', '005');
INSERT INTO group_7.appointment( id, appointment_date, description, start_time, end_time, results, appointment_type, appointment_cost, follow_up_of, patient_id, room_number ) VALUES ( 'A000000176', '2025-02-17', 'Routine health check', '10:00:00', '10:25:00', null, 'Checkup', 50, null, '00000106', '011');
INSERT INTO group_7.appointment( id, appointment_date, description, start_time, end_time, results, appointment_type, appointment_cost, follow_up_of, patient_id, room_number ) VALUES ( 'A000000177', '2025-02-17', 'Scheduled vaccination', '11:00:00', '11:20:00', null, 'Vaccine', 40, null, '00000107', '012');
INSERT INTO group_7.appointment( id, appointment_date, description, start_time, end_time, results, appointment_type, appointment_cost, follow_up_of, patient_id, room_number ) VALUES ( 'A000000178', '2025-02-17', 'Follow-up health review', '12:00:00', '12:30:00', null, 'Consultation', 70, null, '00000108', '013');
INSERT INTO group_7.appointment( id, appointment_date, description, start_time, end_time, results, appointment_type, appointment_cost, follow_up_of, patient_id, room_number ) VALUES ( 'A000000179', '2025-02-18', 'General health consultation', '09:00:00', '09:30:00', null, 'Consultation', 75, null, '00000109', '014');
INSERT INTO group_7.appointment( id, appointment_date, description, start_time, end_time, results, appointment_type, appointment_cost, follow_up_of, patient_id, room_number ) VALUES ( 'A000000180', '2025-02-18', 'Routine health check', '10:00:00', '10:25:00', null, 'Checkup', 50, null, '00000110', '015');
INSERT INTO group_7.appointment( id, appointment_date, description, start_time, end_time, results, appointment_type, appointment_cost, follow_up_of, patient_id, room_number ) VALUES ( 'A000000181', '2025-02-18', 'Scheduled vaccination', '11:00:00', '11:20:00', null, 'Vaccine', 40, null, '00000111', '001');
INSERT INTO group_7.appointment( id, appointment_date, description, start_time, end_time, results, appointment_type, appointment_cost, follow_up_of, patient_id, room_number ) VALUES ( 'A000000182', '2025-02-18', 'Follow-up health review', '12:00:00', '12:30:00', null, 'Consultation', 70, 'A000000179', '00000112', '002');
INSERT INTO group_7.appointment( id, appointment_date, description, start_time, end_time, results, appointment_type, appointment_cost, follow_up_of, patient_id, room_number ) VALUES ( 'A000000183', '2025-02-19', 'General health consultation', '09:00:00', '09:30:00', null, 'Consultation', 75, null, '00000113', '003');
INSERT INTO group_7.appointment( id, appointment_date, description, start_time, end_time, results, appointment_type, appointment_cost, follow_up_of, patient_id, room_number ) VALUES ( 'A000000184', '2025-02-19', 'Routine health check', '10:00:00', '10:25:00', null, 'Checkup', 50, null, '00000114', '004');
INSERT INTO group_7.appointment( id, appointment_date, description, start_time, end_time, results, appointment_type, appointment_cost, follow_up_of, patient_id, room_number ) VALUES ( 'A000000185', '2025-02-19', 'Scheduled vaccination', '11:00:00', '11:20:00', null, 'Vaccine', 40, null, '00000115', '005');
INSERT INTO group_7.appointment( id, appointment_date, description, start_time, end_time, results, appointment_type, appointment_cost, follow_up_of, patient_id, room_number ) VALUES ( 'A000000186', '2025-02-19', 'Follow-up health review', '12:00:00', '12:30:00', null, 'Consultation', 70, null, '00000116', '011');
INSERT INTO group_7.appointment( id, appointment_date, description, start_time, end_time, results, appointment_type, appointment_cost, follow_up_of, patient_id, room_number ) VALUES ( 'A000000187', '2025-02-20', 'General health consultation', '09:00:00', '09:30:00', null, 'Consultation', 75, null, '00000117', '012');
INSERT INTO group_7.appointment( id, appointment_date, description, start_time, end_time, results, appointment_type, appointment_cost, follow_up_of, patient_id, room_number ) VALUES ( 'A000000188', '2025-02-20', 'Routine health check', '10:00:00', '10:25:00', null, 'Checkup', 50, null, '00000118', '013');
INSERT INTO group_7.appointment( id, appointment_date, description, start_time, end_time, results, appointment_type, appointment_cost, follow_up_of, patient_id, room_number ) VALUES ( 'A000000189', '2025-02-20', 'Scheduled vaccination', '11:00:00', '11:20:00', null, 'Vaccine', 40, null, '00000119', '014');
INSERT INTO group_7.appointment( id, appointment_date, description, start_time, end_time, results, appointment_type, appointment_cost, follow_up_of, patient_id, room_number ) VALUES ( 'A000000190', '2025-02-20', 'Follow-up health review', '12:00:00', '12:30:00', null, 'Consultation', 70, 'A000000187', '00000120', '015');
INSERT INTO group_7.appointment( id, appointment_date, description, start_time, end_time, results, appointment_type, appointment_cost, follow_up_of, patient_id, room_number ) VALUES ( 'A000000191', '2025-02-21', 'General health consultation', '09:00:00', '09:30:00', null, 'Consultation', 75, null, '00000121', '001');
INSERT INTO group_7.appointment( id, appointment_date, description, start_time, end_time, results, appointment_type, appointment_cost, follow_up_of, patient_id, room_number ) VALUES ( 'A000000192', '2025-02-21', 'Routine health check', '10:00:00', '10:25:00', null, 'Checkup', 50, null, '00000122', '002');
INSERT INTO group_7.appointment( id, appointment_date, description, start_time, end_time, results, appointment_type, appointment_cost, follow_up_of, patient_id, room_number ) VALUES ( 'A000000193', '2025-02-21', 'Scheduled vaccination', '11:00:00', '11:20:00', null, 'Vaccine', 40, null, '00000123', '003');
INSERT INTO group_7.appointment( id, appointment_date, description, start_time, end_time, results, appointment_type, appointment_cost, follow_up_of, patient_id, room_number ) VALUES ( 'A000000194', '2025-02-21', 'Follow-up health review', '12:00:00', '12:30:00', null, 'Consultation', 70, null, '00000124', '004');
INSERT INTO group_7.appointment( id, appointment_date, description, start_time, end_time, results, appointment_type, appointment_cost, follow_up_of, patient_id, room_number ) VALUES ( 'A000000195', '2025-02-22', 'General health consultation', '09:00:00', '09:30:00', null, 'Consultation', 75, null, '00000125', '005');
INSERT INTO group_7.appointment( id, appointment_date, description, start_time, end_time, results, appointment_type, appointment_cost, follow_up_of, patient_id, room_number ) VALUES ( 'A000000196', '2025-02-22', 'Routine health check', '10:00:00', '10:25:00', null, 'Checkup', 50, null, '00000126', '011');
INSERT INTO group_7.appointment( id, appointment_date, description, start_time, end_time, results, appointment_type, appointment_cost, follow_up_of, patient_id, room_number ) VALUES ( 'A000000197', '2025-02-22', 'Scheduled vaccination', '11:00:00', '11:20:00', null, 'Vaccine', 40, null, '00000127', '012');
INSERT INTO group_7.appointment( id, appointment_date, description, start_time, end_time, results, appointment_type, appointment_cost, follow_up_of, patient_id, room_number ) VALUES ( 'A000000198', '2025-02-22', 'Follow-up health review', '12:00:00', '12:30:00', null, 'Consultation', 70, 'A000000195', '00000128', '013');
INSERT INTO group_7.appointment( id, appointment_date, description, start_time, end_time, results, appointment_type, appointment_cost, follow_up_of, patient_id, room_number ) VALUES ( 'A000000199', '2025-02-23', 'Digestive issue consultation', '10:00:00', '10:30:00', null, 'Consultation', 80, null, '00000099', '002');
INSERT INTO group_7.appointment( id, appointment_date, description, start_time, end_time, results, appointment_type, appointment_cost, follow_up_of, patient_id, room_number ) VALUES ( 'A000000200', '2025-02-23', 'Follow-up on previous treatment', '11:00:00', '11:30:00', null, 'Follow-up', 45, 'A000000195', '00000100', '003');
INSERT INTO group_7.appointment( id, appointment_date, description, start_time, end_time, results, appointment_type, appointment_cost, follow_up_of, patient_id, room_number ) VALUES ( 'A000000001', '2025-01-06', 'General checkup', '09:00:00', '09:30:00', null, 'Checkup', 50, null, '00000001', '001');
INSERT INTO group_7.appointment( id, appointment_date, description, start_time, end_time, results, appointment_type, appointment_cost, follow_up_of, patient_id, room_number ) VALUES ( 'A000000002', '2025-01-06', 'Vaccination booster', '10:00:00', '10:20:00', null, 'Vaccine', 40, null, '00000002', '002');
INSERT INTO group_7.appointment( id, appointment_date, description, start_time, end_time, results, appointment_type, appointment_cost, follow_up_of, patient_id, room_number ) VALUES ( 'A000000003', '2025-01-06', 'Skin irritation', '11:00:00', '11:45:00', null, 'Consultation', 70, null, '00000003', '003');
INSERT INTO group_7.appointment( id, appointment_date, description, start_time, end_time, results, appointment_type, appointment_cost, follow_up_of, patient_id, room_number ) VALUES ( 'A000000004', '2025-01-06', 'Digestive issues', '14:00:00', '14:40:00', null, 'Consultation', 75, null, '00000004', '004');
INSERT INTO group_7.appointment( id, appointment_date, description, start_time, end_time, results, appointment_type, appointment_cost, follow_up_of, patient_id, room_number ) VALUES ( 'A000000005', '2025-01-06', 'Post-surgery follow-up', '15:00:00', '15:30:00', null, 'Follow-up', 55, 'A000000001', '00000005', '005');
INSERT INTO group_7.appointment( id, appointment_date, description, start_time, end_time, results, appointment_type, appointment_cost, follow_up_of, patient_id, room_number ) VALUES ( 'A000000006', '2025-01-07', 'Ear infection', '09:00:00', '09:40:00', null, 'Consultation', 75, null, '00000006', '011');
INSERT INTO group_7.appointment( id, appointment_date, description, start_time, end_time, results, appointment_type, appointment_cost, follow_up_of, patient_id, room_number ) VALUES ( 'A000000007', '2025-01-07', 'Injury treatment', '13:00:00', '14:00:00', null, 'Emergency', 120, null, '00000007', '012');
INSERT INTO group_7.appointment( id, appointment_date, description, start_time, end_time, results, appointment_type, appointment_cost, follow_up_of, patient_id, room_number ) VALUES ( 'A000000008', '2025-01-07', 'Seasonal allergies', '10:00:00', '10:45:00', null, 'Consultation', 70, null, '00000008', '013');
INSERT INTO group_7.appointment( id, appointment_date, description, start_time, end_time, results, appointment_type, appointment_cost, follow_up_of, patient_id, room_number ) VALUES ( 'A000000009', '2025-01-07', 'Respiratory issues', '11:00:00', '11:50:00', null, 'Consultation', 85, null, '00000009', '014');
INSERT INTO group_7.appointment( id, appointment_date, description, start_time, end_time, results, appointment_type, appointment_cost, follow_up_of, patient_id, room_number ) VALUES ( 'A000000010', '2025-01-07', 'Annual wellness exam', '09:30:00', '10:00:00', null, 'Checkup', 50, null, '00000010', '015');
INSERT INTO group_7.appointment( id, appointment_date, description, start_time, end_time, results, appointment_type, appointment_cost, follow_up_of, patient_id, room_number ) VALUES ( 'A000000011', '2025-01-08', 'Dental tartar buildup', '08:30:00', '09:10:00', null, 'Consultation', 65, null, '00000011', '001');
INSERT INTO group_7.appointment( id, appointment_date, description, start_time, end_time, results, appointment_type, appointment_cost, follow_up_of, patient_id, room_number ) VALUES ( 'A000000012', '2025-01-08', 'Follow-up check for dental cleaning', '09:15:00', '09:35:00', null, 'Follow-up', 40, 'A000000011', '00000011', '002');
INSERT INTO group_7.appointment( id, appointment_date, description, start_time, end_time, results, appointment_type, appointment_cost, follow_up_of, patient_id, room_number ) VALUES ( 'A000000013', '2025-01-08', 'Regular vaccination', '10:00:00', '10:20:00', null, 'Vaccine', 40, null, '00000012', '003');
INSERT INTO group_7.appointment( id, appointment_date, description, start_time, end_time, results, appointment_type, appointment_cost, follow_up_of, patient_id, room_number ) VALUES ( 'A000000014', '2025-01-08', 'Limping on rear leg', '11:00:00', '11:50:00', null, 'Consultation', 90, null, '00000013', '004');
INSERT INTO group_7.appointment( id, appointment_date, description, start_time, end_time, results, appointment_type, appointment_cost, follow_up_of, patient_id, room_number ) VALUES ( 'A000000015', '2025-01-08', 'Routine exam', '15:00:00', '15:30:00', null, 'Checkup', 50, null, '00000014', '005');
INSERT INTO group_7.appointment( id, appointment_date, description, start_time, end_time, results, appointment_type, appointment_cost, follow_up_of, patient_id, room_number ) VALUES ( 'A000000016', '2025-01-09', 'Skin allergy flare-up', '08:45:00', '09:30:00', null, 'Consultation', 70, null, '00000015', '011');
INSERT INTO group_7.appointment( id, appointment_date, description, start_time, end_time, results, appointment_type, appointment_cost, follow_up_of, patient_id, room_number ) VALUES ( 'A000000017', '2025-01-09', 'Follow-up for allergy treatment', '09:35:00', '10:00:00', null, 'Follow-up', 45, 'A000000016', '00000015', '012');
INSERT INTO group_7.appointment( id, appointment_date, description, start_time, end_time, results, appointment_type, appointment_cost, follow_up_of, patient_id, room_number ) VALUES ( 'A000000018', '2025-01-09', 'Vomiting and diarrhea', '10:15:00', '11:00:00', null, 'Consultation', 80, null, '00000016', '013');
INSERT INTO group_7.appointment( id, appointment_date, description, start_time, end_time, results, appointment_type, appointment_cost, follow_up_of, patient_id, room_number ) VALUES ( 'A000000019', '2025-01-09', 'Minor wound care', '11:30:00', '12:10:00', null, 'Consultation', 75, null, '00000017', '014');
INSERT INTO group_7.appointment( id, appointment_date, description, start_time, end_time, results, appointment_type, appointment_cost, follow_up_of, patient_id, room_number ) VALUES ( 'A000000020', '2025-01-09', 'Emergency breathing issue', '15:00:00', '16:00:00', null, 'Emergency', 140, null, '00000018', '015');
INSERT INTO group_7.appointment( id, appointment_date, description, start_time, end_time, results, appointment_type, appointment_cost, follow_up_of, patient_id, room_number ) VALUES ( 'A000000021', '2025-01-10', 'Checkup for senior pet', '09:00:00', '09:30:00', null, 'Checkup', 50, null, '00000019', '001');
INSERT INTO group_7.appointment( id, appointment_date, description, start_time, end_time, results, appointment_type, appointment_cost, follow_up_of, patient_id, room_number ) VALUES ( 'A000000022', '2025-01-10', 'Follow-up for senior pet checkup', '09:35:00', '10:00:00', null, 'Follow-up', 40, 'A000000021', '00000019', '002');
INSERT INTO group_7.appointment( id, appointment_date, description, start_time, end_time, results, appointment_type, appointment_cost, follow_up_of, patient_id, room_number ) VALUES ( 'A000000023', '2025-01-10', 'Vaccination', '10:20:00', '10:40:00', null, 'Vaccine', 40, null, '00000020', '003');
INSERT INTO group_7.appointment( id, appointment_date, description, start_time, end_time, results, appointment_type, appointment_cost, follow_up_of, patient_id, room_number ) VALUES ( 'A000000024', '2025-01-10', 'Ear mite treatment', '11:00:00', '11:35:00', null, 'Consultation', 70, null, '00000021', '004');
INSERT INTO group_7.appointment( id, appointment_date, description, start_time, end_time, results, appointment_type, appointment_cost, follow_up_of, patient_id, room_number ) VALUES ( 'A000000025', '2025-01-10', 'Follow-up ear mite inspection', '11:40:00', '12:00:00', null, 'Follow-up', 45, 'A000000024', '00000021', '005');
INSERT INTO group_7.appointment( id, appointment_date, description, start_time, end_time, results, appointment_type, appointment_cost, follow_up_of, patient_id, room_number ) VALUES ( 'A000000026', '2025-01-11', 'Lethargy and low appetite', '09:00:00', '09:40:00', null, 'Consultation', 75, null, '00000022', '011');
INSERT INTO group_7.appointment( id, appointment_date, description, start_time, end_time, results, appointment_type, appointment_cost, follow_up_of, patient_id, room_number ) VALUES ( 'A000000027', '2025-01-11', 'Suspected infection', '10:00:00', '10:45:00', null, 'Consultation', 80, null, '00000023', '012');
INSERT INTO group_7.appointment( id, appointment_date, description, start_time, end_time, results, appointment_type, appointment_cost, follow_up_of, patient_id, room_number ) VALUES ( 'A000000028', '2025-01-11', 'Follow-up infection check', '11:00:00', '11:20:00', null, 'Follow-up', 40, 'A000000027', '00000023', '013');
INSERT INTO group_7.appointment( id, appointment_date, description, start_time, end_time, results, appointment_type, appointment_cost, follow_up_of, patient_id, room_number ) VALUES ( 'A000000029', '2025-01-11', 'Nail trimming and paw check', '13:00:00', '13:25:00', null, 'Checkup', 30, null, '00000024', '014');
INSERT INTO group_7.appointment( id, appointment_date, description, start_time, end_time, results, appointment_type, appointment_cost, follow_up_of, patient_id, room_number ) VALUES ( 'A000000030', '2025-01-11', 'Routine adult booster', '15:00:00', '15:20:00', null, 'Vaccine', 40, null, '00000025', '015');

-- prescribes
INSERT INTO group_7.client_orders_product( product_id, client_id, order_date, order_amount ) VALUES ( 'm5317269', '00000001', '2025-01-12', 1);
INSERT INTO group_7.client_orders_product( product_id, client_id, order_date, order_amount ) VALUES ( 'm2336005', '00000002', '2025-01-15', 2);
INSERT INTO group_7.client_orders_product( product_id, client_id, order_date, order_amount ) VALUES ( 'm3096895', '00000003', '2025-01-18', 1);
INSERT INTO group_7.client_orders_product( product_id, client_id, order_date, order_amount ) VALUES ( 'm4795236', '00000004', '2025-01-20', 3);
INSERT INTO group_7.client_orders_product( product_id, client_id, order_date, order_amount ) VALUES ( 'm3266758', '00000005', '2025-01-22', 1);
INSERT INTO group_7.client_orders_product( product_id, client_id, order_date, order_amount ) VALUES ( 'm5032142', '00000006', '2025-01-25', 2);
INSERT INTO group_7.client_orders_product( product_id, client_id, order_date, order_amount ) VALUES ( 'm6047660', '00000007', '2025-01-26', 1);
INSERT INTO group_7.client_orders_product( product_id, client_id, order_date, order_amount ) VALUES ( 'm3412836', '00000008', '2025-01-27', 4);
INSERT INTO group_7.client_orders_product( product_id, client_id, order_date, order_amount ) VALUES ( 'm1465537', '00000009', '2025-01-30', 2);
INSERT INTO group_7.client_orders_product( product_id, client_id, order_date, order_amount ) VALUES ( 'm1043663', '00000010', '2025-02-01', 1);
INSERT INTO group_7.client_orders_product( product_id, client_id, order_date, order_amount ) VALUES ( 'f5317269', '00000011', '2025-02-03', 3);
INSERT INTO group_7.client_orders_product( product_id, client_id, order_date, order_amount ) VALUES ( 'f2336005', '00000012', '2025-02-05', 1);
INSERT INTO group_7.client_orders_product( product_id, client_id, order_date, order_amount ) VALUES ( 'f3096895', '00000013', '2025-02-07', 2);
INSERT INTO group_7.client_orders_product( product_id, client_id, order_date, order_amount ) VALUES ( 'f4795236', '00000014', '2025-02-08', 6);
INSERT INTO group_7.client_orders_product( product_id, client_id, order_date, order_amount ) VALUES ( 'f3266758', '00000015', '2025-02-10', 1);
INSERT INTO group_7.client_orders_product( product_id, client_id, order_date, order_amount ) VALUES ( 'g5317269', '00000016', '2025-02-11', 1);
INSERT INTO group_7.client_orders_product( product_id, client_id, order_date, order_amount ) VALUES ( 'g2336005', '00000017', '2025-02-13', 2);
INSERT INTO group_7.client_orders_product( product_id, client_id, order_date, order_amount ) VALUES ( 'g3096895', '00000018', '2025-02-14', 1);
INSERT INTO group_7.client_orders_product( product_id, client_id, order_date, order_amount ) VALUES ( 'g4795236', '00000019', '2025-02-16', 1);
INSERT INTO group_7.client_orders_product( product_id, client_id, order_date, order_amount ) VALUES ( 'g3266758', '00000020', '2025-02-18', 3);

-- workers
INSERT INTO group_7.worker( id, employee_name, employee_address, phone_number, employee_roll, practice_name ) VALUES ( 'v0000001', 'Abel', '30 North White Second Freeway', 1569933745, 'Rudi loves flowers. I loves flowers. ', 'Connect Veterinary Practice');
INSERT INTO group_7.worker( id, employee_name, employee_address, phone_number, employee_roll, practice_name ) VALUES ( 'a0000002', 'Erick', '150 West Rocky Fabien Road', 152454233, 'I loves flowers. Rudi watches football. ', 'Connect Veterinary Practice');
INSERT INTO group_7.worker( id, employee_name, employee_address, phone_number, employee_roll, practice_name ) VALUES ( 'm0000001', 'Janice', '72 East Green Second Road', 144139122, 'Mike watches football. I watches football. ', 'Connect Veterinary Practice');
INSERT INTO group_7.worker( id, employee_name, employee_address, phone_number, employee_roll, practice_name ) VALUES ( 'a0000001', 'Gretchen', '847 East Rocky Clarendon Avenue', 1649604561, 'Rudi watches football. ', 'Connect Veterinary Practice');
INSERT INTO group_7.worker( id, employee_name, employee_address, phone_number, employee_roll, practice_name ) VALUES ( 'v0000006', 'Lawanda', '12 East Green New Drive', 488197467, 'Rudi like swimming. ', 'Connect Veterinary Practice');
INSERT INTO group_7.worker( id, employee_name, employee_address, phone_number, employee_roll, practice_name ) VALUES ( 'v0000004', 'Robbie', '72 South Rocky Nobel Freeway', 1418025578, 'Rudi watches football. ', 'Connect Veterinary Practice');
INSERT INTO group_7.worker( id, employee_name, employee_address, phone_number, employee_roll, practice_name ) VALUES ( 'v0000002', 'Carla', '81 South Green First Way', 1732318273, 'Mike watches football. I loves flowers. ', 'Connect Veterinary Practice');
INSERT INTO group_7.worker( id, employee_name, employee_address, phone_number, employee_roll, practice_name ) VALUES ( 'v0000005', 'Brandie', '772 South Green Hague Boulevard', 2030265882, 'Mike like swimming. Mike like sports. ', 'Connect Veterinary Practice');
INSERT INTO group_7.worker( id, employee_name, employee_address, phone_number, employee_roll, practice_name ) VALUES ( 'v0000003', 'Ismael', '824 North Rocky Second Way', 1159625347, 'Mike loves flowers. I watches football. ', 'Connect Veterinary Practice');
INSERT INTO group_7.worker( id, employee_name, employee_address, phone_number, employee_roll, practice_name ) VALUES ( 'v0000007', 'Caroline', '465 West White Fabien Street', 1572192796, 'Rudi like swimming. Mike watches football. ', 'Connect Veterinary Practice');

-- vet has appointment
INSERT INTO group_7.vet_has_appointment VALUES ('A000000001','v0000006');
INSERT INTO group_7.vet_has_appointment VALUES ('A000000002','v0000003');
INSERT INTO group_7.vet_has_appointment VALUES ('A000000003','v0000007');
INSERT INTO group_7.vet_has_appointment VALUES ('A000000004','v0000001');
INSERT INTO group_7.vet_has_appointment VALUES ('A000000005','v0000004');
INSERT INTO group_7.vet_has_appointment VALUES ('A000000006','v0000002');
INSERT INTO group_7.vet_has_appointment VALUES ('A000000007','v0000005');
INSERT INTO group_7.vet_has_appointment VALUES ('A000000008','v0000002');
INSERT INTO group_7.vet_has_appointment VALUES ('A000000009','v0000006');
INSERT INTO group_7.vet_has_appointment VALUES ('A000000010','v0000003');
INSERT INTO group_7.vet_has_appointment VALUES ('A000000011','v0000005');
INSERT INTO group_7.vet_has_appointment VALUES ('A000000012','v0000007');
INSERT INTO group_7.vet_has_appointment VALUES ('A000000013','v0000004');
INSERT INTO group_7.vet_has_appointment VALUES ('A000000014','v0000001');
INSERT INTO group_7.vet_has_appointment VALUES ('A000000015','v0000007');
INSERT INTO group_7.vet_has_appointment VALUES ('A000000016','v0000003');
INSERT INTO group_7.vet_has_appointment VALUES ('A000000017','v0000002');
INSERT INTO group_7.vet_has_appointment VALUES ('A000000018','v0000006');
INSERT INTO group_7.vet_has_appointment VALUES ('A000000019','v0000001');
INSERT INTO group_7.vet_has_appointment VALUES ('A000000020','v0000005');
INSERT INTO group_7.vet_has_appointment VALUES ('A000000021','v0000004');
INSERT INTO group_7.vet_has_appointment VALUES ('A000000022','v0000003');
INSERT INTO group_7.vet_has_appointment VALUES ('A000000023','v0000007');
INSERT INTO group_7.vet_has_appointment VALUES ('A000000024','v0000002');
INSERT INTO group_7.vet_has_appointment VALUES ('A000000025','v0000004');
INSERT INTO group_7.vet_has_appointment VALUES ('A000000026','v0000006');
INSERT INTO group_7.vet_has_appointment VALUES ('A000000027','v0000005');
INSERT INTO group_7.vet_has_appointment VALUES ('A000000028','v0000001');
INSERT INTO group_7.vet_has_appointment VALUES ('A000000029','v0000007');
INSERT INTO group_7.vet_has_appointment VALUES ('A000000030','v0000003');
INSERT INTO group_7.vet_has_appointment VALUES ('A000000031','v0000006');
INSERT INTO group_7.vet_has_appointment VALUES ('A000000032','v0000002');
INSERT INTO group_7.vet_has_appointment VALUES ('A000000033','v0000005');
INSERT INTO group_7.vet_has_appointment VALUES ('A000000034','v0000004');
INSERT INTO group_7.vet_has_appointment VALUES ('A000000035','v0000001');
INSERT INTO group_7.vet_has_appointment VALUES ('A000000036','v0000005');
INSERT INTO group_7.vet_has_appointment VALUES ('A000000037','v0000002');
INSERT INTO group_7.vet_has_appointment VALUES ('A000000038','v0000007');
INSERT INTO group_7.vet_has_appointment VALUES ('A000000039','v0000003');
INSERT INTO group_7.vet_has_appointment VALUES ('A000000040','v0000001');
INSERT INTO group_7.vet_has_appointment VALUES ('A000000041','v0000004');
INSERT INTO group_7.vet_has_appointment VALUES ('A000000042','v0000006');
INSERT INTO group_7.vet_has_appointment VALUES ('A000000043','v0000004');
INSERT INTO group_7.vet_has_appointment VALUES ('A000000044','v0000007');
INSERT INTO group_7.vet_has_appointment VALUES ('A000000045','v0000001');
INSERT INTO group_7.vet_has_appointment VALUES ('A000000046','v0000006');
INSERT INTO group_7.vet_has_appointment VALUES ('A000000047','v0000003');
INSERT INTO group_7.vet_has_appointment VALUES ('A000000048','v0000002');
INSERT INTO group_7.vet_has_appointment VALUES ('A000000049','v0000005');
INSERT INTO group_7.vet_has_appointment VALUES ('A000000050','v0000006');
INSERT INTO group_7.vet_has_appointment VALUES ('A000000051','v0000001');
INSERT INTO group_7.vet_has_appointment VALUES ('A000000052','v0000007');
INSERT INTO group_7.vet_has_appointment VALUES ('A000000053','v0000005');
INSERT INTO group_7.vet_has_appointment VALUES ('A000000054','v0000004');
INSERT INTO group_7.vet_has_appointment VALUES ('A000000055','v0000002');
INSERT INTO group_7.vet_has_appointment VALUES ('A000000056','v0000003');
INSERT INTO group_7.vet_has_appointment VALUES ('A000000057','v0000003');
INSERT INTO group_7.vet_has_appointment VALUES ('A000000058','v0000005');
INSERT INTO group_7.vet_has_appointment VALUES ('A000000059','v0000004');
INSERT INTO group_7.vet_has_appointment VALUES ('A000000060','v0000001');
INSERT INTO group_7.vet_has_appointment VALUES ('A000000061','v0000006');
INSERT INTO group_7.vet_has_appointment VALUES ('A000000062','v0000007');
INSERT INTO group_7.vet_has_appointment VALUES ('A000000063','v0000002');
INSERT INTO group_7.vet_has_appointment VALUES ('A000000064','v0000007');
INSERT INTO group_7.vet_has_appointment VALUES ('A000000065','v0000003');
INSERT INTO group_7.vet_has_appointment VALUES ('A000000066','v0000001');
INSERT INTO group_7.vet_has_appointment VALUES ('A000000067','v0000005');
INSERT INTO group_7.vet_has_appointment VALUES ('A000000068','v0000002');
INSERT INTO group_7.vet_has_appointment VALUES ('A000000069','v0000006');
INSERT INTO group_7.vet_has_appointment VALUES ('A000000070','v0000004');
INSERT INTO group_7.vet_has_appointment VALUES ('A000000071','v0000002');
INSERT INTO group_7.vet_has_appointment VALUES ('A000000072','v0000007');
INSERT INTO group_7.vet_has_appointment VALUES ('A000000073','v0000003');
INSERT INTO group_7.vet_has_appointment VALUES ('A000000074','v0000006');
INSERT INTO group_7.vet_has_appointment VALUES ('A000000075','v0000001');
INSERT INTO group_7.vet_has_appointment VALUES ('A000000076','v0000004');
INSERT INTO group_7.vet_has_appointment VALUES ('A000000077','v0000005');
INSERT INTO group_7.vet_has_appointment VALUES ('A000000078','v0000004');
INSERT INTO group_7.vet_has_appointment VALUES ('A000000079','v0000002');
INSERT INTO group_7.vet_has_appointment VALUES ('A000000080','v0000005');
INSERT INTO group_7.vet_has_appointment VALUES ('A000000081','v0000007');
INSERT INTO group_7.vet_has_appointment VALUES ('A000000082','v0000006');
INSERT INTO group_7.vet_has_appointment VALUES ('A000000083','v0000001');
INSERT INTO group_7.vet_has_appointment VALUES ('A000000084','v0000003');
INSERT INTO group_7.vet_has_appointment VALUES ('A000000085','v0000005');
INSERT INTO group_7.vet_has_appointment VALUES ('A000000086','v0000003');
INSERT INTO group_7.vet_has_appointment VALUES ('A000000087','v0000007');
INSERT INTO group_7.vet_has_appointment VALUES ('A000000088','v0000004');
INSERT INTO group_7.vet_has_appointment VALUES ('A000000089','v0000002');
INSERT INTO group_7.vet_has_appointment VALUES ('A000000090','v0000006');
INSERT INTO group_7.vet_has_appointment VALUES ('A000000091','v0000001');
INSERT INTO group_7.vet_has_appointment VALUES ('A000000092','v0000001');
INSERT INTO group_7.vet_has_appointment VALUES ('A000000093','v0000004');
INSERT INTO group_7.vet_has_appointment VALUES ('A000000094','v0000006');
INSERT INTO group_7.vet_has_appointment VALUES ('A000000095','v0000005');
INSERT INTO group_7.vet_has_appointment VALUES ('A000000096','v0000003');
INSERT INTO group_7.vet_has_appointment VALUES ('A000000097','v0000002');
INSERT INTO group_7.vet_has_appointment VALUES ('A000000098','v0000007');
INSERT INTO group_7.vet_has_appointment VALUES ('A000000099','v0000006');
INSERT INTO group_7.vet_has_appointment VALUES ('A000000100','v0000001');
INSERT INTO group_7.vet_has_appointment VALUES ('A000000101','v0000002');
INSERT INTO group_7.vet_has_appointment VALUES ('A000000102','v0000007');
INSERT INTO group_7.vet_has_appointment VALUES ('A000000103','v0000003');
INSERT INTO group_7.vet_has_appointment VALUES ('A000000104','v0000005');
INSERT INTO group_7.vet_has_appointment VALUES ('A000000105','v0000004');
INSERT INTO group_7.vet_has_appointment VALUES ('A000000106','v0000007');
INSERT INTO group_7.vet_has_appointment VALUES ('A000000107','v0000005');
INSERT INTO group_7.vet_has_appointment VALUES ('A000000108','v0000001');
INSERT INTO group_7.vet_has_appointment VALUES ('A000000109','v0000004');
INSERT INTO group_7.vet_has_appointment VALUES ('A000000110','v0000003');
INSERT INTO group_7.vet_has_appointment VALUES ('A000000111','v0000006');
INSERT INTO group_7.vet_has_appointment VALUES ('A000000112','v0000002');
INSERT INTO group_7.vet_has_appointment VALUES ('A000000113','v0000003');
INSERT INTO group_7.vet_has_appointment VALUES ('A000000114','v0000006');
INSERT INTO group_7.vet_has_appointment VALUES ('A000000115','v0000007');
INSERT INTO group_7.vet_has_appointment VALUES ('A000000116','v0000001');
INSERT INTO group_7.vet_has_appointment VALUES ('A000000117','v0000004');
INSERT INTO group_7.vet_has_appointment VALUES ('A000000118','v0000005');
INSERT INTO group_7.vet_has_appointment VALUES ('A000000119','v0000002');
INSERT INTO group_7.vet_has_appointment VALUES ('A000000120','v0000002');
INSERT INTO group_7.vet_has_appointment VALUES ('A000000121','v0000005');
INSERT INTO group_7.vet_has_appointment VALUES ('A000000122','v0000007');
INSERT INTO group_7.vet_has_appointment VALUES ('A000000123','v0000006');
INSERT INTO group_7.vet_has_appointment VALUES ('A000000124','v0000001');
INSERT INTO group_7.vet_has_appointment VALUES ('A000000125','v0000004');
INSERT INTO group_7.vet_has_appointment VALUES ('A000000126','v0000003');
INSERT INTO group_7.vet_has_appointment VALUES ('A000000127','v0000004');
INSERT INTO group_7.vet_has_appointment VALUES ('A000000128','v0000002');
INSERT INTO group_7.vet_has_appointment VALUES ('A000000129','v0000006');
INSERT INTO group_7.vet_has_appointment VALUES ('A000000130','v0000001');
INSERT INTO group_7.vet_has_appointment VALUES ('A000000131','v0000007');
INSERT INTO group_7.vet_has_appointment VALUES ('A000000132','v0000005');
INSERT INTO group_7.vet_has_appointment VALUES ('A000000133','v0000003');
INSERT INTO group_7.vet_has_appointment VALUES ('A000000134','v0000007');
INSERT INTO group_7.vet_has_appointment VALUES ('A000000135','v0000003');
INSERT INTO group_7.vet_has_appointment VALUES ('A000000136','v0000002');
INSERT INTO group_7.vet_has_appointment VALUES ('A000000137','v0000005');
INSERT INTO group_7.vet_has_appointment VALUES ('A000000138','v0000004');
INSERT INTO group_7.vet_has_appointment VALUES ('A000000139','v0000001');
INSERT INTO group_7.vet_has_appointment VALUES ('A000000140','v0000006');
INSERT INTO group_7.vet_has_appointment VALUES ('A000000141','v0000001');
INSERT INTO group_7.vet_has_appointment VALUES ('A000000142','v0000007');
INSERT INTO group_7.vet_has_appointment VALUES ('A000000143','v0000005');
INSERT INTO group_7.vet_has_appointment VALUES ('A000000144','v0000003');
INSERT INTO group_7.vet_has_appointment VALUES ('A000000145','v0000006');
INSERT INTO group_7.vet_has_appointment VALUES ('A000000146','v0000004');
INSERT INTO group_7.vet_has_appointment VALUES ('A000000147','v0000002');
INSERT INTO group_7.vet_has_appointment VALUES ('A000000148','v0000006');
INSERT INTO group_7.vet_has_appointment VALUES ('A000000149','v0000004');
INSERT INTO group_7.vet_has_appointment VALUES ('A000000150','v0000007');

-- animal carer has appointment

INSERT INTO group_7.animal_carer_has_appointment VALUES ('A000000151','a0000002');
INSERT INTO group_7.animal_carer_has_appointment VALUES ('A000000152','a0000001');
INSERT INTO group_7.animal_carer_has_appointment VALUES ('A000000153','a0000002');
INSERT INTO group_7.animal_carer_has_appointment VALUES ('A000000154','a0000001');
INSERT INTO group_7.animal_carer_has_appointment VALUES ('A000000155','a0000001');
INSERT INTO group_7.animal_carer_has_appointment VALUES ('A000000156','a0000002');
INSERT INTO group_7.animal_carer_has_appointment VALUES ('A000000157','a0000002');
INSERT INTO group_7.animal_carer_has_appointment VALUES ('A000000158','a0000001');
INSERT INTO group_7.animal_carer_has_appointment VALUES ('A000000159','a0000001');
INSERT INTO group_7.animal_carer_has_appointment VALUES ('A000000160','a0000002');
INSERT INTO group_7.animal_carer_has_appointment VALUES ('A000000161','a0000001');
INSERT INTO group_7.animal_carer_has_appointment VALUES ('A000000162','a0000002');
INSERT INTO group_7.animal_carer_has_appointment VALUES ('A000000163','a0000001');
INSERT INTO group_7.animal_carer_has_appointment VALUES ('A000000164','a0000002');
INSERT INTO group_7.animal_carer_has_appointment VALUES ('A000000165','a0000001');
INSERT INTO group_7.animal_carer_has_appointment VALUES ('A000000166','a0000002');
INSERT INTO group_7.animal_carer_has_appointment VALUES ('A000000167','a0000001');
INSERT INTO group_7.animal_carer_has_appointment VALUES ('A000000168','a0000002');
INSERT INTO group_7.animal_carer_has_appointment VALUES ('A000000169','a0000001');
INSERT INTO group_7.animal_carer_has_appointment VALUES ('A000000170','a0000002');
INSERT INTO group_7.animal_carer_has_appointment VALUES ('A000000171','a0000001');
INSERT INTO group_7.animal_carer_has_appointment VALUES ('A000000172','a0000002');
INSERT INTO group_7.animal_carer_has_appointment VALUES ('A000000173','a0000001');
INSERT INTO group_7.animal_carer_has_appointment VALUES ('A000000174','a0000002');
INSERT INTO group_7.animal_carer_has_appointment VALUES ('A000000175','a0000001');
INSERT INTO group_7.animal_carer_has_appointment VALUES ('A000000176','a0000002');
INSERT INTO group_7.animal_carer_has_appointment VALUES ('A000000177','a0000001');
INSERT INTO group_7.animal_carer_has_appointment VALUES ('A000000178','a0000002');
INSERT INTO group_7.animal_carer_has_appointment VALUES ('A000000179','a0000001');
INSERT INTO group_7.animal_carer_has_appointment VALUES ('A000000180','a0000002');
INSERT INTO group_7.animal_carer_has_appointment VALUES ('A000000181','a0000001');
INSERT INTO group_7.animal_carer_has_appointment VALUES ('A000000182','a0000002');
INSERT INTO group_7.animal_carer_has_appointment VALUES ('A000000183','a0000001');
INSERT INTO group_7.animal_carer_has_appointment VALUES ('A000000184','a0000002');
INSERT INTO group_7.animal_carer_has_appointment VALUES ('A000000185','a0000001');
INSERT INTO group_7.animal_carer_has_appointment VALUES ('A000000186','a0000002');
INSERT INTO group_7.animal_carer_has_appointment VALUES ('A000000187','a0000001');
INSERT INTO group_7.animal_carer_has_appointment VALUES ('A000000188','a0000002');
INSERT INTO group_7.animal_carer_has_appointment VALUES ('A000000189','a0000001');
INSERT INTO group_7.animal_carer_has_appointment VALUES ('A000000190','a0000002');
INSERT INTO group_7.animal_carer_has_appointment VALUES ('A000000191','a0000001');
INSERT INTO group_7.animal_carer_has_appointment VALUES ('A000000192','a0000002');
INSERT INTO group_7.animal_carer_has_appointment VALUES ('A000000193','a0000001');
INSERT INTO group_7.animal_carer_has_appointment VALUES ('A000000194','a0000002');
INSERT INTO group_7.animal_carer_has_appointment VALUES ('A000000195','a0000001');
INSERT INTO group_7.animal_carer_has_appointment VALUES ('A000000196','a0000002');
INSERT INTO group_7.animal_carer_has_appointment VALUES ('A000000197','a0000001');
INSERT INTO group_7.animal_carer_has_appointment VALUES ('A000000198','a0000002');
INSERT INTO group_7.animal_carer_has_appointment VALUES ('A000000199','a0000001');
INSERT INTO group_7.animal_carer_has_appointment VALUES ('A000000200','a0000002');

--specialisation 
INSERT INTO group_7.specialisation( id, worker_id ) VALUES ( 'BIRDS', 'v0000001');
INSERT INTO group_7.specialisation( id, worker_id ) VALUES ( 'CARDIOLOGY', 'v0000002');
INSERT INTO group_7.specialisation( id, worker_id ) VALUES ( 'EXOTIC', 'v0000003');
INSERT INTO group_7.specialisation( id, worker_id ) VALUES ( 'SURGERY', 'v0000004');
INSERT INTO group_7.specialisation( id, worker_id ) VALUES ( 'DERMATOLOGY', 'v0000005');
INSERT INTO group_7.specialisation( id, worker_id ) VALUES ( 'DOGS', 'v0000006');
INSERT INTO group_7.specialisation( id, worker_id ) VALUES ( 'CATS', 'v0000007');


-- worker has time slot
INSERT INTO group_7.worker_has_time_slot (worker_id, time_slot_id) VALUES
('v0000001', '2025-01-06 09:00'),
('v0000002', '2025-01-06 10:00'),
('v0000003', '2025-01-06 14:00'),
('v0000004', '2025-01-07 09:00'),
('v0000005', '2025-01-07 16:00'),
('v0000006', '2025-01-08 15:00'),
('v0000007', '2025-01-09 13:00'),
('a0000001', '2025-01-10 11:00'),
('a0000002', '2025-01-11 09:00'),
('v0000001', '2025-01-12 14:00'),
('v0000002', '2025-01-13 09:00'),
('v0000003', '2025-01-13 10:00'),
('v0000004', '2025-01-14 17:00'),
('v0000005', '2025-01-14 18:00'),
('v0000006', '2025-01-15 09:00'),
('v0000007', '2025-01-15 14:00'),
('a0000001', '2025-01-16 08:00'),
('a0000002', '2025-01-16 09:00'),
('v0000001', '2025-01-17 10:00'),
('v0000002', '2025-01-18 16:00'),
('v0000003', '2025-02-03 09:00'),
('v0000004', '2025-02-03 14:00'),
('v0000005', '2025-02-04 10:00'),
('v0000006', '2025-02-04 15:00'),
('v0000007', '2025-02-05 09:00'),
('a0000001', '2025-02-05 13:00'),
('a0000002', '2025-02-06 11:00'),
('v0000001', '2025-02-06 16:00'),
('v0000002', '2025-02-07 19:00'),
('v0000003', '2025-02-08 13:00'),
('v0000004', '2025-02-10 09:00'),
('v0000005', '2025-02-10 10:00'),
('v0000006', '2025-02-11 14:00'),
('v0000007', '2025-02-11 17:00'),
('a0000001', '2025-02-12 09:00'),
('a0000002', '2025-02-12 15:00'),
('v0000001', '2025-02-13 08:00'),
('v0000002', '2025-02-13 13:00'),
('v0000003', '2025-02-14 11:00'),
('v0000004', '2025-02-15 20:00'),
('v0000005', '2025-03-03 09:00'),
('v0000006', '2025-03-03 14:00'),
('v0000007', '2025-03-04 10:00'),
('a0000001', '2025-03-04 16:00'),
('a0000002', '2025-03-05 09:00'),
('v0000001', '2025-03-05 13:00'),
('v0000002', '2025-03-06 11:00'),
('v0000003', '2025-03-06 15:00'),
('v0000004', '2025-03-07 09:00'),
('v0000005', '2025-03-08 12:00');